"iqzoqlZe4VbA20ca","532.17"
"OoBVDXPj6OpMIwhV","81.86"
"xx28fwwdICaxSmjY","97.83"
"W2JroR0Ox6NCieqb","705.21"
"3f0q1rY2FYF21wFp","903.92"
"CEjTjMzB7uBLpHw1","454.95"
"T9rn6B00JByPj2o7","193.58"
"aBK1uIkoFppgCfPQ","245.59"
"nmT7wis0311lvE12","246.44"
"yaXkaISALM061QYP","435.32"
"sabMyijij0vw3XJM","3.42"
"5ELzEU03dyezR2cH","669.62"
"sOdQAuArwKJgt4Jw","255.57"
"yYwx15uOMni1UIn4","98.81"
"wFHnxLp2qsWTUrzo","552.19"
"61vAnWehILvIM7eO","273.85"
"eoA11NJRetgaU5Ai","169.10"
"dgCDpjzNDpNJPmfA","215.91"
"Cn244DYxDfs8ReD3","78.38"
"Qft0zzDM191NRjlc","653.37"
"ckbOnENxUn81TfUB","660.59"
"fu9mhxQIAysDhmEc","76.18"
"U0e0UZeQcKkrMKLw","258.80"
"rL77rcP8E4sNlBJJ","879.67"
"UN00r8KjWawW08N7","560.70"
"iYKHQT8c0aePL0DC","610.92"
"SV0jv1zTOFK1wLdW","497.75"
"cZRKrP2uNpNvxiqz","146.07"
"FuiP1SmoHqK127hy","783.42"
"KgZo6SIhTCIg4VIf","260.61"
"uugGDB3ZaUfS9W99","327.34"
"VhddIgCkrArHX3CW","709.78"
"jkPXSU36kcUnzwQx","509.20"
"iyqff5Hb51UVvmbn","147.86"
"6lSGgkkkP0wYfUPH","107.37"
"qIAZddfLafp3Obut","275.42"
"UYWKcc9uoGDWVpSJ","138.51"
"2PThgkTraCbnD1ht","45.67"
"aAub58tPZAdqU8BY","120.58"
"bCPoOu7SwQ95uNA7","186.52"
"v2iac8kt76JYfVP5","319.80"
"hkYDuFT5hSbWD8ts","69.57"
"k7ec9SHXGkelUL5p","619.73"
"C5iI79rELtGRqS0X","805.77"
"xWVdOw1Upkd2VJCJ","977.74"
"ZoPswdJmMTUqFaEt","805.92"
"jmnRtA9DJ4FK5G3k","504.60"
"hjWqDgKUrxaDiZpl","844.02"
"EwXzFfHspe5SfEvJ","58.65"
"8m1nz4hF3EpsIVZ8","151.17"
"oNgcWjTCHMbCyPSV","960.19"
"X7oc5Tc1t0Zr0wAH","650.73"
"5KwnvAjSxCJRy8V7","372.78"
"BV6XGqipma5FOmPW","119.02"
"nXW8wTYCa8bZLH6K","752.04"
"Z8nK80KsSCsVgRuq","410.56"
"A4WO2AJUzxptZe8c","101.37"
"tapZKQacfFhiPPB5","949.65"
"ZHNNQltx5WqLPEND","767.77"
"sdk1w0vhw6DiZAcm","428.31"
"NOWQGMbb7kpynsFK","864.65"
"4E58nx5QujrAcukm","461.70"
"J0CT0D9ciM9jpK0B","803.45"
"6peMSCi9p9LnIhUw","627.18"
"6J4xSsMpWfqRuNd2","258.18"
"3pQS8ysT7lajlBFJ","584.66"
"vSvyZ3lOG77XnKj5","969.27"
"vSn82ataxbYQyLjc","129.34"
"dsLXSUx6KZT1WcjT","83.06"
"JB7gNVBeWWn1bc7z","770.35"
"vd3C1rMjpdCahlKV","549.02"
"uwpBt97zEdcuhwnr","308.89"
"CVcjJfXv4jwAW2vW","431.30"
"9yW5wPOWHNKYSgb2","288.03"
"PltO75Yx1reNycVc","291.80"
"LFrotYkEpuWG1yWl","711.50"
"wYV3Vh78Ohuv78zl","665.39"
"Bf8MKhx5xehb9N2A","676.47"
"L61VSUs0IbAvkSHv","643.64"
"EMfwCZMv7HIAGaXR","365.31"
"HTSQzlkijhrBRVfl","386.58"
"2YU59Lg9hJ7rDLsA","192.33"
"GDEBQZnQqWUVy9O7","396.57"
"wQRPrEDbYxg7N9xC","70.32"
"lU2wyAvgXVY5CrYj","872.25"
"3yvA7rWwuvsTAyKk","917.83"
"IuIdvgRm4qguzJKc","800.65"
"26mBQE3AehYSAyZu","253.31"
"1LrRIk2JLG7D9pYl","393.95"
"CyvWQBRGZzwiNR1o","785.46"
"3b8nh4FnFGLiweBZ","129.44"
"44YwN2l79DPa7fhw","490.44"
"VIm4okZy92hLnGaF","982.61"
"596lCuRjjBdB0810","884.99"
"5Qrwk2bc5lI7ZMLE","594.91"
"R4zXPXaxeGGLEo0S","719.30"
"Cmr8OSLnCojVQmsM","576.84"
"CYt3EHTFCPufjtxA","43.81"
"dEIxyLwZvdrN90Th","729.50"
"sX5JGYdyH5va5BYP","11.61"
"fVN0doIVzHJpNjMJ","655.59"
"K7LHcrrSq7UHc7mL","269.86"
"d27vzFF2qnwhjVpv","635.43"
"fgtsKxplmGXrbpTW","586.67"
"O3Bpvtz8tuHma80U","346.00"
"iz6qpRD5CFQCkwrN","755.47"
"C6k0qAIPGtGkrxlT","890.77"
"ufjjY7BtM3IsuMLt","360.26"
"WWWGdKM2s5CvJKrw","663.69"
"AMjxqqsOqlQv2NI6","956.04"
"PFnXhiikPKTS1IQY","33.38"
"hMcGHVOe4ps34tcX","848.02"
"Z2Cj6ekVFZnpWoTx","746.46"
"8LNQ23AlhwBgU8BK","219.27"
"Cgf5d9hWy7XnlGKJ","141.42"
"TBjFpKvvMes8ZiyW","697.47"
"8EHfDNdifYOluQl0","800.84"
"DyezKjrT3NSNBtLW","146.60"
"PiKvRYYW1muHuuTn","587.04"
"AzZvv3cZIuMbQbOt","105.05"
"M1hx4T0xRYsn2gbt","926.31"
"5pwQ6rNkCHZeoSoR","219.73"
"y6YFQDyCzohDZ1dp","354.53"
"E1SC5rfyhlmJgFzp","97.18"
"DiMhPYP3TAJKKOYd","679.26"
"7FUTvDaIIdt0bh7k","994.99"
"VdsV6GPMkyEb9FsP","98.11"
"rb2pBrl4Qx9SeVKP","790.72"
"c6tapJctNCLVo3D5","47.17"
"EHGG5Aq6e4LnERJ5","128.07"
"vpWyxQgNqCGKQDvx","706.93"
"TKjsif7oZbo1DyYl","790.60"
"wQDteTeu5tGNnu5i","311.00"
"vPVRFeLMnETW1Br6","695.32"
"CfijfJk2jWdBkMcP","945.14"
"1fjLMzP4ePj3XQeo","40.55"
"NPV08R5Mt8AvxEg6","186.13"
"0fdC7FManpiaXNUU","812.08"
"JmPTXrPduN8EdEKs","795.10"
"UWGunkvCM4FCS4IK","115.56"
"3tLLyTF43L49KJ41","933.11"
"g38oNPlMQ3AmiBZ8","484.76"
"wTAPCikORyDUcitB","50.30"
"Z68ZDq4aKeQDDRO9","154.50"
"re7khoKiNwfGUlBc","29.69"
"dS1PazMNbd6HvBDJ","976.36"
"TbxFUoGo00NxTCfa","780.03"
"cJCSqEXB5ZkNYlFd","653.30"
"PbHsCGg2Do0z8Q4J","627.77"
"9ExulKld1LrZd8hM","324.07"
"n0Xkz8d4Jv3zOuU6","879.78"
"IrpsU7t58bAiFfNr","600.52"
"IYBdl4G850lbnsD0","514.96"
"tlH6DsdCYjCy5mu3","18.27"
"TzahMZ8OCPxcDQo9","931.00"
"yHdpwXYCfb9KCY5I","50.01"
"LW2HIQNcXvFgAQf2","39.45"
"QGRnX41CKv9r2Yaf","394.91"
"KJs8w7dKSwaNSbvN","335.90"
"PTXvKCCHfFLlqGf8","309.82"
"avYuNyxl60Eqfbop","387.96"
"BZKdtQfl10pjFW8S","880.62"
"Zf2hJQ52DePzY3Zt","474.91"
"BfQA1fA4NtAytQca","893.17"
"tvoxxlwt7gwWHn1R","771.41"
"T1nUgND6A0lCFGtQ","722.96"
"rcF1Voox90vgyleE","901.05"
"qubm1dWPNmmuhhDH","281.83"
"nIb3QsVZ03gd1WLm","270.99"
"kLbTksn5E9muFAsO","85.25"
"l74Ve0oBG67e9Kyn","158.60"
"rAmjJ2bQmyR4ou5u","328.31"
"GdCwpaQPJylV311u","300.61"
"eglG4GBNtGOkHDp8","136.80"
"mU78j13W5eoddJC5","591.71"
"Q1SnUQbrjCaZO04N","18.06"
"G1DPpPcokwB73XVB","95.62"
"5DzZG9CnwYdvbyWH","675.74"
"Ywdo1VWMGhtOo6GO","399.82"
"SeFGVsOPEvQheAV6","609.64"
"AS9nNFZR9BUqQgkh","939.53"
"ljEWQTaNsEh5JDqY","417.39"
"pQzYHBYWl6pYet3r","48.18"
"Xlc1PknqahwGKfzB","222.42"
"CnDsv37alkYoPJuy","522.53"
"QmDtRRADrw06Wp4O","742.71"
"8iVRQLPOp1m0EIDk","422.33"
"YvgTj9rVxjsyrBQa","257.67"
"x2IeXraxIJb7rfKR","474.04"
"SbFHgqdvMqd7dIZN","467.20"
"GXTv1XoOIuvbeu6Z","191.82"
"3dPNSjGo6gmSJMqp","361.64"
"xCK4tNJUIgQJgkmQ","947.04"
"tns3dbHxLY6iji2f","573.87"
"XAysvuPAe68v5vXE","15.50"
"lMGBMuIL2TnudWf3","274.06"
"XgbbEjfTwygSCr2l","232.74"
"nVmxom3eMN7u9o5S","960.66"
"HanGiLGQ9EAFWIV4","641.79"
"nfn17FBo0kbSkpco","617.86"
"yIUCdTJIID1zDwzX","517.01"
"kgnZjgOGq5VKg6JA","380.96"
"DcMsNfzVuTGxqKsL","400.41"
"HCxcblCdNYgqXTkm","314.34"
"0KXTV5fXSCZSl8Uw","108.98"
"dM4YdewibnssDoYD","207.34"
"YsGFzpSJwFx8UkPb","326.85"
"2NUPz0rzzBXl0mef","577.46"
"yIM2kiW3rS1hJQxR","480.51"
"gLghU0dtDsf1mxOm","338.41"
"tg2JcsaqViNMEKVy","364.56"
"rsnQCXF31DJqfZKg","419.26"
"gBHgw9Jg5kpp0LWN","612.06"
"wkLaCcGgJVga4teE","428.97"
"It6L3YyoLx9EXQpt","73.77"
"vqU7mff2rKqnNb57","216.89"
"GuON52xb3d6ntuzK","885.22"
"hokNW40ZOAeRlpze","862.61"
"WA5ZRHpffdQSeZZG","937.05"
"hkKkamBORd4x21pk","2.50"
"Gly4nczgrzbBBi5K","164.77"
"YwnKUUcu2IREG5Bh","94.79"
"xbAYAXSxuvvh8wye","764.58"
"Xcf44h0d8mMAaZ7d","377.03"
"SYPDVPbggpn1d3Qa","597.91"
"7TJw59vxQ6R5UwQ6","172.24"
"aG2OK4CtL1eSk8rN","23.46"
"mtxpqLxtRGmLwZ1t","228.39"
"ddofbRoVq9MXyO9B","516.25"
"dcEUBrO2y9bWQITg","670.05"
"S1PJuxA7ZLJp0TkK","437.55"
"Rl0ZXW1ltn2B1JKn","619.83"
"KRLsCPWkFQCkmGkZ","978.50"
"aTP9MZuRv9yWKCKS","276.21"
"c8IsO1u6J3a9nbVb","311.49"
"MKaHVYvqJWVCLoma","682.47"
"uTXEkZqw4xqZjsBY","868.16"
"ZyYqVzxPTWs7TSAS","187.85"
"4DeZERb1dWWdR1nv","354.01"
"0R5HdWlVKzABiyMF","536.35"
"aVdyl2zhl898q16t","569.93"
"8QwjFeq7Anev4ZMZ","138.71"
"pDYh8ti0qqQQcJia","824.95"
"FhODm8l0m7x3xkU0","110.76"
"gv2hSWCGShhoebVn","911.00"
"XMwwSytUudZAJ4h1","876.69"
"IdbMSefbgHMftwn1","300.15"
"BypiThF9GNlQ1pxy","468.81"
"VTEPFkwtcGECFfY7","323.79"
"h9ePamFptbfG4Y8E","633.10"
"RVzXacs5q6va6ic2","630.60"
"ubLmkB6ZQxmZDSMK","641.46"
"AYz4rMhEDa02xYuO","305.27"
"Rw8mSEq3fV3vRI2B","112.01"
"ows6MvkVxNDwHcKF","870.51"
"raNtlK5vKSPkS5Z5","133.59"
"F2ITN5LfhBu8opPi","863.98"
"r9eisw9tPQhQ7urA","135.02"
"i92bFBaeOJtQxz5s","96.94"
"XePg83S7oWw62sfW","768.31"
"o1Rasnz58ujSFy8Y","938.67"
"VFfd0xIEBEeMPaff","769.98"
"kJ4jtcNunFw91IwA","30.54"
"TbzdSouuWecOFv7R","363.38"
"50l4WGRBrXhSB0QK","211.41"
"ozFpwr3VbwJYIwDl","987.28"
"stcTUZTMerWtltzM","840.18"
"QNySQ6TKEip35s6T","32.16"
"lwd02ZL0ZudaIenl","906.07"
"3Jbyi6KfqW5IVCKY","64.36"
"VL7nkgkyMRxJs1jy","634.63"
"UZdHRdnue6QAqm9t","877.84"
"z8OCzyUKaeLhzhZT","243.04"
"jgTgyZ23lv9Yq9fF","350.51"
"OElAPW0IQDTQI7b5","504.43"
"jxH0i0hulmO0572V","869.72"
"r5p8cuhKON4J8bW2","70.41"
"xAIhiDOWt2egMykg","567.60"
"J1O77Uyps7RjeJNK","841.17"
"syD12QNiJLr6ORjh","692.35"
"5vWCQl5pLKnYEwLT","897.41"
"WQR3UoaeBXy4DpQL","814.65"
"X9Pt8ITph0yvsLxF","825.67"
"A0YJGgvhO3dE608v","769.71"
"kfwb0OGF9fXQaO38","166.19"
"omberSLkxI1H6CvE","82.32"
"fFcnI2ydHgkiureY","208.72"
"XRVu3hmKIkcSiUN1","18.48"
"ifC75AN0W2r31am0","137.11"
"M5M1rR8GJz8lbxQJ","64.27"
"C5DDygOR5VvwQ9iR","224.60"
"PGDaFWuCYB67J0QM","300.00"
"ZZR0mTofoFFaH6OY","180.83"
"uM8X6zL5e8TqdD6g","873.33"
"5gfE8lDpe9v4Icul","806.18"
"0ZmbhR7xekPQFE5n","754.13"
"O1Kpt2uvJ1o091RE","93.61"
"E9yUosXJwNEbucdY","256.63"
"wm12yWiX8CJzoPxc","428.72"
"J6HFHhTF4rXygroy","267.57"
"0MfI9kDmau0JWYU9","6.53"
"5dzzYnotoJTYh3cZ","169.10"
"9mlTihCzNZQWT0Et","425.04"
"DRGRukTV4MCF8C6B","723.90"
"hL9dYQuymd67e5zU","945.96"
"Htzym4n8uzjcPkkH","597.64"
"tSU8L34grFcPiEBn","995.28"
"YbOAt2FOZ9NlKe0j","174.87"
"VXWHtOr5B2KsvtRj","926.66"
"86T129cvLeRkVN2K","178.47"
"saOfQcNWpSOgewgQ","894.82"
"Dp2GwvNHeGZl5eQN","304.13"
"WknObUQQcmqWx0Ek","403.90"
"bVo9nc2tVaJfgRB3","894.17"
"KzYaetPrVx7SozDv","348.18"
"KHQmr73h9wZXyX59","414.41"
"9I0HbIC99bkYZyIP","648.78"
"nsbWm1I9Irr9FkSC","627.22"
"k6W2ltZqVve7SUnV","145.83"
"Ag7V0EfaRBgMwTmp","485.61"
"3nZ8la8iY3H2FIfK","208.64"
"o6JpFs8jBr8O6yww","944.79"
"TOfGuNY1EmlnZ42I","10.70"
"9ybHNPjns622JGza","546.17"
"LKoaFL1RfLYu0VLi","180.84"
"ivmB3luZCVkZFKBn","548.96"
"eTB6TIwAreihJwxF","829.42"
"bmLDy7ycp4AMQm72","99.06"
"vuNsOM9JXte4gSfn","475.21"
"9Wz7BUr0MxiStpIc","148.91"
"Y57FMeb3i9yqLsJ2","982.91"
"IN6glw8t7WmmmARG","443.90"
"L7vmoEoYGEPtktka","400.06"
"O8qISoa1SoeOxxkS","79.49"
"BgKQXUmgMX5yMBND","679.39"
"8JxYwyvD0b3wLmxV","568.94"
"GtfJH9YmiKmsrM2X","676.52"
"j2vWmufqDyN0xu1r","489.46"
"hkJPDy4Gij33LCgb","534.30"
"rCqDFIy0wQpnoiNe","627.52"
"1oC2KaLLwPBqYsLu","865.26"
"k220dQetmyn2vnKE","519.64"
"21sksdfq9JTZyjjb","101.23"
"jDB3djTGQF0oHvHP","780.93"
"Y1Ab2PE2hvEiOqh4","994.56"
"VmXFdBTlYEwQiZkq","612.33"
"L7btWpKlgRt66nVF","432.95"
"QvIcc76IbR7vDOvk","146.03"
"XJSrPhFM3PLfPKVH","874.12"
"MuzTE9KviQtOop6N","698.52"
"Ao6kV8MmOrWL6Tmf","41.45"
"BfwxlsSjjk9WvSMv","838.49"
"8QW8JDLaSfRXuVkA","52.98"
"mXfN8NZZbxteNBnh","118.08"
"SwzKckLjQOu7uxxq","65.60"
"s08Xa7ReSr5Q7NKj","285.34"
"0b7seNzrj9OjdWpE","537.84"
"gDKXmKDlx5Da157c","762.55"
"vIClNvEMBaVOzvUk","272.58"
"h0XS5gnYZgVXjh8n","763.44"
"FLrZn8LNcjFAj46L","386.62"
"oicFAqkEt7bNyrDw","413.91"
"JtNExanmCLe5dTET","88.14"
"h0Nl2ypA6MGT3kUK","946.61"
"nxnTKH3IHOhKC0o1","571.51"
"2XtUB2ijtQTq3cdV","848.54"
"2RVHHYKEBa1399dx","602.52"
"DFyZQmzWZ5buGDca","494.96"
"vKeoK8MvEPTfxJtJ","891.24"
"JlC2FOWDW5ogWGpa","741.99"
"aIE0To5w7RclnUeF","341.84"
"RsNdAvV6Y5AazTMc","755.86"
"dQgbSMBeU4QpXcRQ","973.78"
"5MLM8el58lSfHTwY","247.72"
"chZEGcim5LEuE1E8","280.16"
"F943VhhmAYCzRrqG","701.48"
"u85QV7uBls5fGpHQ","248.81"
"phm8TzW1f9vrYWex","390.59"
"YC4HSGdcAAU6SfDC","145.13"
"hnQ5r60jdQiCjXHb","921.93"
"HNy8zuJtkm0y6CA0","527.89"
"rIUfHbPwydBZNI54","187.73"
"UQyOr84tFR6eKBD0","275.20"
"QfxEuSCljfZgJreY","873.18"
"gJYWGFaHiRjyjWfe","37.03"
"0ok1RTAVyTqHVXxn","781.74"
"8azTrxLqI5jTrNlQ","774.76"
"j1FDyqA4iHNHP7bu","363.47"
"YJxEahaadABw6vI9","312.60"
"ffcyOdol2tJqbfpW","901.71"
"AmoXW5xgpjkqxduW","516.38"
"qEhK9Uo26xVwfLbS","11.15"
"OFMV54UT084huj13","690.84"
"RFXJ4Ac5MhuiQkPS","118.51"
"iFFnZSGcGf6gSqUg","32.95"
"a6XG1JsaXXlWcPuv","231.44"
"CISCbhRzXJYBzv5p","368.43"
"mroXDRs1AJ6kRDVU","212.82"
"XThvIic5QisU8U5E","329.47"
"H11hWDLA5GE1KAmL","887.21"
"FKFqmLIsDTRt13H1","891.15"
"TnY9HhErr8gGmpHR","536.56"
"7QAYYAdgh46SBLtJ","607.17"
"ywj00f788HTu0Hby","17.17"
"z3nUGoet1O0o1esH","819.92"
"AZKaaOCgf2vrJUGK","952.25"
"3ZF2IV8WgcjsJEiZ","525.56"
"B3J3xI4qQLRcUYZm","811.08"
"TXDPZrZqgIDby8Ye","679.58"
"75hsa1JrbunYEWzZ","994.99"
"KI2prr7r7WeCN9iq","880.96"
"RkAu1OgC9x18oQRT","606.95"
"lO0UvFHsxUL0g1jd","263.86"
"NWTPXkEyHt1Fjy2y","322.94"
"yz6OWy4NfNwFpUqD","305.31"
"zQuWaVw98N1N2OzX","110.30"
"KPPtQduz8hVlDv71","102.84"
"z9r1KGA8CnueBNbW","586.13"
"J8lWl2aCChPs0lSV","676.31"
"euTrXyTdN2WNIt6P","397.49"
"YBf179GtenlCSqut","695.70"
"34JybVtirNBBjp8l","579.91"
"gdt3c7cKN3An4j90","772.00"
"KqvceQ47F4G0cuUc","552.10"
"Lp9wQyL7JWsbnI3e","999.68"
"8o1JkOuksDmxqrCz","296.49"
"74d13BUCiKPZtiLq","94.45"
"hNMYcZHfGZOyFL89","580.74"
"QpB3KqEEtfvO2Yc8","21.04"
"enDeVJOAmO6KfHpe","467.77"
"dZORCk64o29W9Hbt","144.22"
"8Q0uMr6icYKen5r4","206.81"
"ybZHX0IA1uYo3wjN","289.44"
"vem99awZurBmNNQj","416.38"
"8WyfldscmS5c77Kd","286.51"
"RPyHsEdJHNBwtDyp","22.82"
"Wa22vgiokmj901Jv","197.04"
"ll1dXJxkvpWApozV","419.29"
"pz37uqUFF0oC7TkD","386.02"
"8KuFQjLEtzyDuNb4","78.77"
"nNXBmuOkcKTnAPwV","274.56"
"FHlaxTRHHgz3tTqy","203.47"
"b0TK8GH8oY25Jnnl","685.82"
"k7DQhdTbyFqCcroF","104.33"
"xwlP8rooo2qRckda","40.96"
"JaSMSmqcme1cjkpF","451.20"
"SuQpuOuQyibULaSz","241.18"
"DHyNMGurOTUg3e8g","362.77"
"EN5q7PLX6nKwYgHQ","405.21"
"5x8QP9ivjOssBj2d","931.06"
"Pu9olEagT1qRHksP","400.29"
"aNQeCTd3oW8cKQ4u","940.42"
"qwsqFZuN0PUCgSX1","28.18"
"qrNxA8mpS2R2YcIj","21.08"
"8lgHz7yXKKYrmqgi","73.06"
"jGy3Y9bxg0wXuPOR","763.71"
"kBXrunpFzl4cf2tD","498.20"
"1Mzkhk9vdHUYXPbB","966.86"
"EUkSaYReS848UVnu","916.55"
"7UvBwLZ3wj0wy094","193.67"
"ZDnmuKSi0UpdJEzr","466.02"
"8YfyvhJYQbNWsLsJ","895.70"
"vJwyzRJONf2LCEGp","839.84"
"ZQvJ8yDMsziQ7xlL","955.91"
"SiMdsElBMB0OJWFi","229.64"
"rMsmbdFyNNL1Q4nx","406.29"
"ZZyMweXi0mkyJG6o","219.54"
"BGqPCbfWObJSpGgY","619.04"
"4cJxBu70I6tlNkR6","355.19"
"dutPtrHy5b75EiJL","18.05"
"LLwKaw5wsOw6UTBM","423.85"
"nv6l9KucWTgTyWL3","558.07"
"g99KuZqkoWu3IVPY","926.51"
"xz6ybHQdkYHJh8Kf","767.75"
"R81BpedQFgT4ll8y","807.52"
"KxFNUo4JbZKWz0j4","547.46"
"CseyA5Z2F4uaMAIU","981.46"
"DSa0lKsPeyTIWnnY","895.92"
"Lr7rCr9k0hAB1Grb","990.32"
"Ep988eI49HTGNiZt","5.85"
"RlEsobwhcyvLjKNO","955.18"
"fKbegydxO6cZ5dpP","853.25"
"xXsH2si70RDGZgff","283.93"
"NpHZDmwrfgNB6XeR","446.12"
"PPHmCgov8ddk3eQt","618.56"
"ctcsh29Z3HBDLKom","566.84"
"cLOE0rTH1C2Xdi36","761.86"
"BoGL26OUGKU8i5mJ","721.26"
"AMMIaIYzKf4K4wnr","512.26"
"JLdn3VUZ4MK5oGVH","420.17"
"GsgAeAcah7oWJ6a4","131.28"
"GuTq3iW1nLvhtUdy","915.09"
"dA1rcdGV6sBctq6g","516.67"
"Vyf2yKmNhLCJmTN9","76.84"
"VEx5vqiJ1RzmR9NN","150.05"
"6WbR3RGoVi1jhyB9","322.65"
"N3ziVToF5gU4E6mH","482.40"
"KU2VWZwmktkHDKWS","274.38"
"8p6dKTON8h0gnGpP","188.95"
"Wfs1lbOfFlXSS9yB","542.30"
"ZbJmoRXwG6BdL6Fl","648.83"
"NaYGB6YVO4YWJet9","156.76"
"QlMhOnYoZrB130Mz","127.81"
"oqCXZMGJfBr6BMLF","652.20"
"sKcyuDBHhKbKCvpV","636.79"
"L1B5Q5Imbak2dTfH","793.54"
"PoGwGiXDqdHekwWc","127.27"
"7tr77Rw6khNuGyKJ","699.45"
"1AJPtY6kTintlwdJ","904.47"
"XRD6Oa4zo2bOXaLr","272.38"
"rDa7G0enXJXTJAKS","681.22"
"nZpf7gJK4vzxigBv","292.82"
"UaUAkWxkouFA56jA","22.17"
"SEMBQoeyghtUS2Qe","912.25"
"xkFMvGFakC4sd4Ak","406.47"
"uDV0if3tJM4RScBE","274.57"
"uDiFwunzthvrXbb5","575.21"
"osgpQqEMe6PyS21F","192.49"
"cMnofsOFw8xIFdgs","383.38"
"MNry9ifvszZvOnTw","501.41"
"WQVREmJb1LgX1E9S","148.41"
"jOYeD4txgw0nXcmb","309.19"
"0BHRw9gBksYgRaRw","95.91"
"2c5QO3G0gDa4R7mn","506.70"
"nnyHWhLwZKT82uoi","952.75"
"yl84DgfsoTUyQZfj","844.00"
"WjVYe6Ysh6GoSX1R","503.15"
"kBkKf3tZDtx8BSLQ","337.32"
"59iTsek5nzNaaoCY","565.71"
"kT4EraIKEe8kbCvx","11.03"
"ojGw89bZxbsGKGs6","996.09"
"QJ1pmVZnnlG7G5zc","970.99"
"PsKxrVUJaSNKEsw7","26.29"
"moBMLPoa3mPqlWuF","637.64"
"FayL0yQgOnPyG6Aw","979.30"
"MfMi6klkzlpKdSCj","277.35"
"VGFpqS5DoLB1Vfs4","856.25"
"PewMCCmE2SzJBjmc","226.61"
"4uOaEg9Uo2NsLVyX","856.25"
"V03efvRP7KNzzQNX","153.80"
"jXrhMh7XfMLzTZR4","787.78"
"LzsEGC0WJNXmMeAj","489.35"
"xTJ9Y2usSmvGCiIV","948.33"
"UBM51U2P4ySvTNam","233.12"
"DIwXdJuR3KO2bd0o","229.94"
"IFLMK7rpqOKtl8Vn","439.82"
"755josliFXUaeUQc","470.91"
"Lp5Y4Xia7ZKfPcKs","635.88"
"KJiB8G3bABfNB6og","478.91"
"srSFCOAcdxpSuO7k","805.13"
"zHd0oFW2RAVGqvXp","874.19"
"sAOuVaDxq8E4O987","609.11"
"ghBCcJrfDIG95XJc","689.65"
"nKE3aPyGypN5tWhH","555.23"
"pz4x55rGRKGsPnmK","533.55"
"uQ9se8xVnQcEvgFJ","769.61"
"kQfjbTOYwcccYa3k","942.84"
"UXWUXDWuByKwRogY","135.97"
"9dOTOHoCcGX2iGkf","445.10"
"cOwOk2YPFKbYaNXB","568.92"
"k513PVNGVq1PoM2U","182.19"
"09WNi8oBTYrVktFy","624.34"
"HuYIAeCYLgSN7TNr","920.84"
"GZSAZS6pBdq7AU3Z","900.77"
"iZmmI0R24XOAGWvq","580.33"
"bOxuusf0X08TRvqS","278.00"
"jtiIK2mRBkB8cnfP","457.04"
"X57OI95zvPJK51le","403.75"
"V9NrEolbkfdDyniN","822.74"
"j4axhGCvzT22o4VD","6.75"
"dGaA6l5shw64isip","288.46"
"HKpS9pDNpqeFid87","490.64"
"6dEfkfS0Qb7sRAll","472.80"
"zLBUgUhYDD1Efm0r","64.89"
"tB6ZGSz0ipUGdoDu","393.98"
"9vlXHQ10U07FUWkw","75.71"
"xjI176UFw7wkHRiw","357.76"
"Ix6W0Rd9OhIQzcaI","113.49"
"2srgkyOdFDQx8KPC","471.29"
"bkQ4vMY41qIeogSf","435.22"
"m87cCFU80BtkSW68","340.01"
"OcMmn8P9OgTVi0Xt","163.15"
"oxVhqlOcrkZFv2ln","434.28"
"PT1w0tBNeRgoVZ3d","799.47"
"EJ9zkAhSa9S4Tzi8","481.97"
"n4KKmWInh3W1khON","270.06"
"FfbPSWINT4gmjJ9O","985.09"
"HfY47xq5JUnYXw5Y","185.87"
"RpMG8fBDGQNxmnOw","297.75"
"2yPV3SEHUPI9RchY","149.78"
"yXs0QyHYQ631UgpL","443.52"
"vx3KSrXZGU2xvDFr","67.83"
"oSVLHWj5mBAysz8X","7.72"
"VKRfwU6yQKLIZsZK","876.65"
"MHJNTfGN89R6yqX4","727.39"
"3NHdxM6TL7Ztfz0j","573.66"
"r8NYTKDcZh0rNoxN","125.68"
"JVB0FctOLyF5VWkV","702.49"
"vJFByI56ZUegJIfq","411.39"
"du0eTJ8fFeuaeus0","178.63"
"KplR6hPXojDIjQD9","41.99"
"yXv3w1I78KgRcv61","280.22"
"wAT9Gq5PpXVh8p0r","716.66"
"ZaXEHB5vSZXnwAuA","281.63"
"rLOYbTfc6HXU0LnB","690.33"
"IEtMZywsrzkb5aOc","266.88"
"vCTZmNIISrAjd2e6","938.39"
"FRhNnCipBgRGQHQx","409.58"
"rGYCD8nySZVuVxHF","484.84"
"lnH4toU9eCfHUlzq","35.11"
"CydgkZHBMh9MGuA0","493.26"
"ofCOOXdaa5emjYkA","735.95"
"t1HySeESvGN44zrH","284.04"
"Iw10SHBTrBw1JUkW","577.84"
"UpZLJKNG1fhhz8VE","450.41"
"QsexLWw343UhIPis","259.44"
"zLWXkVdVBWlX5s5H","60.96"
"6CUO6sSLA8fVhCLf","353.58"
"BzLzq7F9Ew2zgvJB","585.67"
"gB1iBik6s24br9nt","638.87"
"c64FVervoGl4P9T9","347.90"
"LDxndfoSHfLcXsNJ","492.54"
"POcoz1KEzbw0RZ4J","580.61"
"WvNBvefQabcDO930","356.91"
"OgKtYMdsxUNlg0QJ","554.68"
"BMMDYSZVz0m4XvdM","315.18"
"bsaIHvaXV8QKrs7K","771.86"
"Eo1rIXSm8Jv6k0IV","635.98"
"CmrDZ4p7KtVbwY0D","296.19"
"cNrgTtlV2PLwLSWB","822.63"
"fMWfUcwjBzbc1y78","503.48"
"cwwD0ONFXdvM485K","102.61"
"oY6P9ciOivfwdPa7","394.14"
"L5cOcd2IuSWj5o0D","39.85"
"38DLwkPoLUTs8yNx","309.05"
"2F1czO0iqpxEwFk9","965.97"
"DkPkaiSdxCPGEYs7","389.45"
"jndjfNouSNaWwPIk","845.94"
"3231kMw5w7EIz4Eu","10.16"
"N9inRPQZC3HW7GHD","445.17"
"TEfc5YGyMHsAd6AM","470.20"
"2i6gAC4ahnKsstTC","463.29"
"PEYdJBGqgecDpSdA","257.99"
"SiK0bl2o94VlnPFv","529.33"
"hVZBOzhGoTsV5523","247.96"
"cEnj39K4OAUBi0Om","114.86"
"bugZvC8ypYBzcajE","781.17"
"zzPUL7U3Saw3lCNz","714.17"
"XVX56USpLmkCPGN4","473.59"
"qF06AZvsgcwODaen","390.91"
"XHFXwY0H10DrRuK8","223.16"
"kY1QdWiiZ5PQkZt8","519.29"
"FrfxosAHMeGqZQpP","551.12"
"MA12sSCg6Go9rQdi","444.93"
"3o7Su9YCp01kiMxH","287.99"
"HlyszMK34SMWZeMb","432.12"
"eHhd4902R9LqRYWI","475.25"
"OsbFII4rfT2cyHRv","70.63"
"Vske6FYplm54Tmra","522.42"
"wHqq2ofea623HGxa","620.67"
"yhDlN0X50mkmfrQ1","627.64"
"YZyDzKFrLDdY6MST","666.48"
"epGTRfyZGVSbmgDP","185.64"
"gZaf5BjlOVFn2Ft7","9.41"
"jk3XTw2piH1NQaU1","911.58"
"GtcFMmffOSafQEix","595.19"
"QFXcjBAeIwfLuPns","124.96"
"RxWxdPaRrKnnaimB","774.63"
"S50P8rOefEyCJa1G","388.28"
"iUnoEfxacpV3a5Vy","3.78"
"WlTH74H2iar0klMi","36.58"
"A527Os1zcv0AFw6M","250.35"
"qsa64LopEbVE4SgJ","143.23"
"eq7VOLUNe6a5t3Cq","132.82"
"M6tb1KuYZlyD7wh9","839.06"
"q3YmHyRc4iEeGkuJ","593.04"
"Bhnzs5G9TTc06KZt","471.80"
"XfNdvmj1rRcgzc94","77.09"
"sEpaWYRBYy36NfUW","214.46"
"YDuHDjANfupvlOnT","954.14"
"V0JZFA7DIeDC5Mlr","842.89"
"1N1JNGerjSmKTsvb","861.04"
"sfLvcwYXyNmUHoWr","623.37"
"JG4SORTQhLkVj6Ui","89.63"
"eVw1kCpNhl4EHPYw","704.21"
"j7v7mxuclRpMVbgC","546.41"
"J94RLRC65KKzkzMC","830.19"
"Rxj4K41DZXkIpEB1","355.92"
"EG6XSJOr4aYw63Il","371.54"
"cDJ5VzC1rL9rSMs9","323.01"
"D2NesgnWZIOq0zkb","95.45"
"9K8ZGdjs4AmijCYC","174.94"
"2GdSMCK1Y4eCqtzV","208.03"
"EdXKdILLeR4RSTbD","723.08"
"BfDSObmUiatqGDdo","585.73"
"GWIXE2jtjYbui3bi","749.24"
"KKrqXaU7KEvgWJaC","534.48"
"UtpuDBcPyqIuHfNJ","885.37"
"qs9BoMjd6HH91jNE","505.45"
"F9HpYVxq58eIQX05","692.28"
"q1FaLD3ZOfLlBDEQ","934.98"
"Ph2BmZHcuXIpSEQW","385.65"
"D6fgXtfdfeBTHPh8","246.26"
"joe2KQuxnSxEiQMx","659.09"
"JWmGgvZLr4sDEDW0","716.07"
"YhI1FTC87wTobn6c","136.42"
"ppBcvkFTeu1fda5f","53.77"
"aBZQZbJF6JLzltPH","182.20"
"CY3jPEjiqjGscd0g","164.54"
"I5Kj2aoY9wOGYD2H","996.29"
"Uvd3Rhw1XR0dRfIY","459.15"
"AKzWMWdQPqakdUBI","304.37"
"c5ejHUeAAb0tIWeL","148.76"
"gJtr5nhgoLAD26CQ","870.27"
"BjFR9QaFzdwuZYZ2","330.54"
"RhzrqUbVT0pfoyqw","928.18"
"1ABQffctgz6pD4Fi","216.75"
"cu7U3nWNH0sOjABI","499.37"
"hCiG6D1R7gPx4ifC","392.12"
"yZCKrpc8MwCWw2Hi","587.91"
"DuAooPRLYtEmiivW","202.03"
"ILRvjJSlbxcVcD0l","205.12"
"x1EmC35tLv77Z3oo","89.86"
"Q2BJFDNxPM8OSUFd","646.21"
"H017MMLSjBaIURFV","384.49"
"M6hwnTKwJhxA9lFN","91.93"
"HqgM5g4FCd4xgwb7","848.69"
"4nIoONjBh7LLKwQ2","972.28"
"DzyGs76Oc0b6KJIK","753.05"
"1szlxUd2QPh8ketk","66.55"
"aLLIyiUBe1kufcYT","888.64"
"YzD4mF0MaYQfETZJ","793.28"
"O7umwya9OK26Wycz","538.27"
"4w9R0S0ztabMuPiR","763.07"
"fuaiqqTIHWikCV6P","224.90"
"e6t6cQBRDkPHqegO","976.84"
"yBgbDFnY1sFHHJ82","94.12"
"IiTun7eu2CVe1wyi","322.08"
"TJ9XPlwtMJxlKbO7","16.20"
"FHcVmtWtroefSZsm","608.37"
"Ql4i9nzl5w6w6u4k","853.87"
"AwKrLgq7JhIg6UaC","889.42"
"3sgO20zDNwqmxZFu","821.58"
"IgOyMN7IzkbGhFHG","361.27"
"qhWtFKgF8V07bapk","416.53"
"OAMGdXhFnNoFZvTL","301.13"
"2UBq2xLHguh6dfhC","334.48"
"eyEpVA35IAjdAgq5","349.20"
"nZtlFqAqKnDzD6Ee","32.18"
"qq7YkZEP7VFvdJnK","620.68"
"WrxSWlAWfklFTG0L","777.02"
"9YIeuUONSQx8Ogxc","596.67"
"Yow2sJb8XkpXxs5z","549.89"
"8rhhYuIzLqivPaOG","245.92"
"RaWKfPPbzUJXpB6J","177.40"
"FA3i2euzVoAOk3YY","108.05"
"wYvRTgtDf6x85S02","911.89"
"y716peZ3HNH8T821","535.56"
"HqMpPRVP0SCakCbZ","636.43"
"y3pI81fM3vhI535Z","34.78"
"QRqxv9MVLjoCfdET","984.38"
"FW3iMGVvnC147e60","60.54"
"2Fhe2unejNJRExqE","415.36"
"HALXzXf9X5P1vVjD","53.90"
"m7lM9YGcuGMIv5ZL","361.70"
"FjGhwrFEGK3gzZ9U","795.22"
"qN4RT37t7HC5uZIH","645.07"
"ZfHoZAnFIvCrD3KG","118.51"
"k7U2INZBDR7a6L2F","595.00"
"eRrV2s14Thf3AJ22","279.07"
"gw1oau0sblLf0Gln","964.32"
"tI9TelqA5bkY1OxA","571.39"
"U6vcO4NNJcuSHsBT","502.01"
"P0hfiVq0k08Us5Nl","30.36"
"TfXjPKPRWRI9M3JX","449.36"
"fnCpjY6IrsMCUxGP","432.96"
"blUKcSkiGYeLvUiC","918.19"
"AzVrO1zvdzfSees8","355.90"
"ouZGwmB8DzUqDhTN","273.89"
"3Amdy41DaVMny5KG","449.79"
"kX52Y1CgXQogS1kz","588.25"
"Fv947S2fE138L4SU","124.78"
"VTLZqg8Cxb4Af8LL","204.29"
"Y5F5BPOhBdk6mFst","233.52"
"r8d32uLufLaO73uU","440.75"
"S6EdE9tmomQH5GRa","317.02"
"CmhvuD2FOScJ4hpg","446.15"
"7NEpSFOgFrIb1uYE","36.73"
"DU6rMJSPWxjSp8Sg","440.80"
"FPzPKFtklurhNbYJ","917.44"
"l9cFJBiDkLnHLnYy","513.19"
"uwVWmg0TUXxm4wfv","867.33"
"VkrvLF4RvMCwbJPW","437.40"
"poobZBEUYonU1bX8","871.59"
"11NUEaBA6s9M8KJv","556.32"
"5yP2N4ZZs7wEkOap","15.69"
"TQI32UMc7ac8YUww","167.50"
"QQeC6uTnVMLZCtX4","671.01"
"1DtTBJJwCeOg9s83","212.38"
"UrxbhEu8r4K2y6C4","410.64"
"4w3KmoNtIsvLYBc3","410.58"
"1afCnFuKUlCdV29p","766.81"
"mcqTDhNIrdeay97M","633.36"
"wLr8ab1KvUIBC4MO","391.60"
"B3Ajnzaru1SNSlFJ","976.12"
"TOFU9YQv3kdgqbvI","415.55"
"f6RAURRpVxxb9m4C","133.09"
"e4ZJFBENWJsrWRIJ","108.96"
"tLhYQ6i8ViXeYZpG","42.81"
"SQc9GxAeOYK6K3Vy","859.28"
"NhwBcv7cSpd7TIBr","333.08"
"KHMDsac2ilDce1Nf","405.88"
"psmGF9MbX3bocm1L","349.04"
"XTZnJUZHXP0isqES","240.25"
"bJOeLOO6iTIewF1U","129.29"
"Zs0F0QWVFVrrKAcs","702.01"
"HI8AWgk1WUmeF6Hs","160.37"
"0R7PAguD86CYZ4md","943.87"
"dbgl1zAFO7XO3FrQ","597.96"
"4XOCWe3m3i7GkgB2","767.10"
"wblE9T3OKfJUDBFZ","624.32"
"x5JUDxdHXv5fel5U","210.04"
"LstJ2GjmW3tdya6G","50.61"
"tmlGVl2Y0R8DK7rP","425.75"
"FWe5Pj3PwuIwQGcV","704.00"
"d5biNA1zcUo19yDh","384.21"
"xBPtPYeUNxw2LNay","110.23"
"IQuaRnNPieSM4cNq","787.34"
"vUX96Q4XmkSbXsfL","39.51"
"S8vPwQG5USKeBWQp","286.25"
"kIxkwItbru8FOiSP","529.32"
"v7qwp9JNsT4RN8o6","755.64"
"noVY9aBQVlI21dGS","917.94"
"jjcMNfAhtFlxusa8","288.42"
"kwQA2KiQ1kbXeL4h","771.25"
"OeclA6xqvkyQ8qqv","948.17"
"c6ZDXI6OzFjhbSn2","871.92"
"oY0s2rO8IUYRK0Ki","82.78"
"BHNxrtW1005eXPj1","538.50"
"QVbbSOc9mzgmPM3X","495.26"
"2D4YmAmC57ZWQNvX","944.27"
"1FNohM7FQHxmYtcH","562.49"
"B4jvM4HjMfmXAisS","561.37"
"b0hpf46NgdhBe6Jt","447.46"
"Lkxr8mSqI6jFyWPg","786.21"
"VdUBn4cA0SnsyxVZ","455.31"
"hYGwnuEwo3aJfDrM","66.27"
"j9E6eNHkicHy8R69","740.81"
"p6gJKqKuNeGgWIWI","609.04"
"e9gIaaN2WHjxtyxF","358.09"
"979dJPvCbl1htut3","334.33"
"zYvUxajeS2UjneHD","321.52"
"7tptDR5kCDG1PLJF","408.48"
"13azKgd6HzS05RBJ","496.01"
"rm8GqUFxghM2CPnE","345.30"
"H3sD5lTc8biJnApG","986.22"
"OfP0AUzaey7LkfH5","613.63"
"D5LprcyZsu1GhcC3","995.51"
"2rYHK4CGVMUApWMd","634.30"
"6BLuckmwJzF0aRPr","417.95"
"R5lbvJv2kWbyiIBO","2.86"
"fdPaDI9ONkd7jqny","924.68"
"D7VnmFpbTEA4I8N7","349.38"
"UgCDmC6RbLHwhb4F","604.63"
"5VRUvkI3ftQ4beJ0","137.68"
"PhumPeWYQzN7P6Qm","464.93"
"sWQbcQqn6pjMNaq6","716.61"
"mJNcnRRoENLoTuRl","487.05"
"pnmEHbauv3CtF941","261.14"
"R7IsnKSf0f9VdB76","8.05"
"iyBCfzCnHvLvc3wR","446.23"
"lNoXLUc9AbWhdF71","443.18"
"q7pgv5SSIYedVaEi","544.77"
"MM6OhLz89v80VtRD","478.41"
"vJ7Xot2aY9MPb9Gf","789.81"
"eydurSZb4O0vgKGU","213.44"
"Xwcx67OuDS2VSYTK","954.25"
"X8t6G9HGjx7awMPF","934.94"
"RvBUTQapDlZXP6r1","743.86"
"Qd7dKpYbczJE20EA","968.95"
"XbEafDgfYXOJxtgN","941.97"
"49fsoa7dJsm9ytU7","399.65"
"IbnllF7sNYWZPMV3","683.72"
"qhXoFSmR2ClIUCIF","457.93"
"XSVhPyEcREuKVAD8","891.87"
"i9j2HzfUHWtf8Kbl","575.82"
"8GFT8V3glLRS9w9Y","323.83"
"8d1TRVNGBUvWOPdM","244.12"
"xRh946cDI6BMFXQy","68.69"
"IRKegkOrDiiHZDIe","995.51"
"DzOpltJgvG9o4qFj","359.80"
"7ZVjc4RNszHvTc2k","626.94"
"7TEDWx0nZJFJjsf8","680.26"
"sc8rDhKMS0rTn8B9","184.69"
"6eQsVKNUjxymGubi","338.11"
"6eDaP6cuYt37siPj","121.16"
"pVLgvHZkFTq2DjpO","762.94"
"x9EcighKSCWaWdTY","490.28"
"DrWqeNB217pgaEQd","619.71"
"HtZtOPgXYAV1tdE1","994.72"
"tKLsI5tdmSdbkBjt","320.87"
"4ZNsMwKP19sWCIMn","915.25"
"OE3Wbf8sYsxAUrij","108.18"
"11IIopu4f1vS1Rht","544.61"
"WMRmQtOtnhGyxWi5","651.24"
"vauuZzrp3yvexZtR","87.43"
"3A2Mevsn5QQr4ZdX","488.08"
"Y2knbyMyjFDEgKAK","310.26"
"fwWYg74XMxqlGgjk","500.28"
"Ea0g2qnXXG3cIJ2d","481.90"
"yXlJTfwBIacfpWne","749.38"
"MiaCx0AqRVc0cjbA","470.94"
"mq4rXwwZmNM83qbW","582.55"
"ISYbQCmOUlg0h23q","566.39"
"4XLajDkTugiZf3e5","825.86"
"4mEEJzpwewbsEdM2","240.75"
"tz57XgCXG53HDadP","68.19"
"lgksh2WSftkSUV8R","986.77"
"VpFtHOnpXgPIPxH1","806.94"
"PqMW1iwUbVs647Cq","358.88"
"pqG7KeTfHDzr6Q45","816.82"
"55bIRTGOiBHBTV7A","551.19"
"gl9a1ERuXAwmpoPJ","962.44"
"YjtjtNg0zZoQYJbH","40.04"
"HEWAKZt3O2IvoP73","712.17"
"h8YMIhcr6rkezEUx","346.03"
"H2XNk4hQV1Uj8Qmm","494.48"
"mhX1N8IORV8Dz5i7","754.93"
"d1KHyItD2HmrRBNO","99.24"
"jcjVhkSv0iF7m8Sd","854.72"
"nUmqov6NY035DxhB","99.46"
"Pie2Lyvda6WC4VIi","338.42"
"qqJMwUpBSJ2mN6Tm","436.19"
"BZDiyU9XPBDrW5Wj","725.61"
"xvPh2r6Hnea65rbD","316.40"
"yQb6b7BQrCgDucHx","206.09"
"uurZ8RIo1BYOYBPQ","887.17"
"dPSZhHNF4zDuhuYi","13.54"
"4OmFKmRPfffl9PN1","624.94"
"a3rOGAJkf1JejjZ4","906.63"
"H0jlWbARSTihxyIg","875.65"
"wRJpHJu7v76GSxfc","661.04"
"aVaA35K22n8pxfBw","683.78"
"z2TFGMLNZcC4BhD6","150.94"
"XZ6Hc0efRF8kNHV1","591.09"
"LEnYCJwWPkzgVPLO","318.27"
"Bva1L310MtRa99mV","553.70"
"AOXnfQCwsd2qdRYI","893.38"
"LLhXha9HwsRyp9tP","550.05"
"HExMgnj9ROqzcaMJ","515.49"
"vkxK1WcE57jRZawz","997.87"
"8ybMrezP94acoitW","904.23"
"p99meLQhmn3ArG90","571.25"
"MANY4jB2WEY2T1Gx","528.51"
"XPjAL9IluSH0w52p","539.40"
"Y0GVN1Ch39zlL2iN","622.86"
"BhcQe39MoGi7buLA","476.54"
"LUuMTy4G9sU5b0uK","935.46"
"t8VLo3ELrqZaZNkI","690.71"
"3NOlYkunNqcwYGTn","668.17"
"vWu6Y8Kdsm31HWyZ","128.73"
"0iXLQVoGDPnqZglt","346.52"
"ounixRKofCn1dstC","745.15"
"KbIZzXM0GA99j2e0","75.29"
"uYq9CqO8QO6lNqUw","443.73"
"bYqnW0isnjp8gLdl","242.73"
"JOZFLcm5myr0eBTT","883.94"
"yxiF5flROgvxn9Iq","189.08"
"jaUGnA9Hjv2jAqzK","806.31"
"bQYftkiyJyRkJe0L","736.49"
"ce3uwY9bm37Iz9NC","725.83"
"iBqXpfc8O9LeneI2","160.93"
"oGE6LoSBp2PCmfwM","458.14"
"3wvIj16bzHKdriMI","850.55"
"WeBmZMjICWVtKKFW","885.44"
"6eDhDBtFah0BIy2g","713.22"
"tNvi3jhZSSmjFbpe","569.18"
"U6K2K0cOQwFX013c","144.82"
"NHPu9jeDuAX2xSmk","350.15"
"rK9vNhiaFr29TBbD","447.97"
"KPAc6ifKZhk7Bncp","568.79"
"yVdEhrBRgL5in3nI","253.56"
"aa7x9aJ7pLTN13Jt","985.03"
"uOPA87nJnPph4kk7","149.71"
"QIrn6TekRYDjGH9v","906.45"
"g3JUOF4lpFROt5Je","257.62"
"L5EkA58mzM5vmUMm","73.68"
"6OI4g85jxmqdy0Q4","186.01"
"n6sBdQg2rxpgJlGm","153.98"
"LrtMqvkK2IAzks8R","704.09"
"gm6wE3dllg4CELyl","434.12"
"6n77bbyZidD90pKP","548.64"
"526Sc8m3RMKoC8cc","134.32"
"jsOQIYUPdlXYFhaE","81.35"
"eao13D0a3l4qhPWG","678.21"
"YEuDDn29jvTh93Q2","423.04"
"zlAOWnnYCSJ1dgOk","596.99"
"VAprYN0qsLjEtLQE","128.59"
"WYs4XqqNcJNn0oNp","498.66"
"jMdgraXc1lO79tnm","969.03"
