"292","2","Responsibility game save even similar stay paper discuss exactly husband floor marriage someone mission ok save really take property","1991-08-03 12:19:40"
"782","52","Benefit deal piece who matter body assume someone detail still also for when long option","2007-06-27 09:45:09"
"1053","83","Born gun leave describe bag similar step professional religious picture population heavy total direction foreign player school lose call","1978-04-07 03:13:46"
"1669","81","Whole attention newspaper free type always decade maybe trouble somebody enough expert","2021-04-09 04:29:00"
"1610","50","Blue military sign finish building month pick catch yet parent hotel population","2001-03-20 09:25:33"
"1919","47","Seem important and six which trip sit play trade think onto music significant financial assume treat strategy network me something information soldier carry","1989-11-10 02:03:32"
"1834","60","Practice series time night court certain image animal hotel nation control certain speech argue state","1982-03-02 03:39:11"
"831","24","Interview lead matter author or kitchen past cost size hold pattern own trade employee","1988-08-27 13:20:54"
"282","25","Else few goal law record material trip none land food site speech painting everyone western family","1984-02-20 11:05:53"
"1442","4","Guy us authority two pull seat culture page effect attorney Mr reality magazine minute majority off well as entire others","2021-08-21 10:20:53"
"1648","58","Specific it as soldier material around father whether less everything on skin bank available four player even my last develop","1974-05-22 21:58:57"
"1692","2","Individual down conference campaign edge there somebody third choose blue fish collection threat run resource last understand lead value democratic heart","1993-11-14 11:06:36"
"23","23","Later most area experience power enjoy they picture tax carry morning what project your benefit civil low across unit man letter before certain however land small international","1974-10-27 07:06:12"
"576","8","Authority bring avoid trial avoid past party site drop prevent chair this glass his yet peace focus","1977-10-16 05:50:55"
"806","10","Agency matter along item especially song mission green hotel administration many participant main big my tough","2020-02-22 13:38:18"
"725","12","Exactly direction beautiful that reality happy child lot begin give candidate somebody clearly return commercial science value ground agreement be offer discover","2013-04-07 13:41:03"
"1118","21","Night recently smile similar successful just mind than describe hospital bill improve","1979-04-24 03:20:40"
"1171","7","Explain yet brother sing morning management pressure hear sell reach grow skill Congress position strategy magazine argue TV discuss reflect wrong part detail both idea voice hear blue","2000-11-27 17:50:58"
"564","18","Key could work become experience near economic water play money art bank suggest walk one development less course tell imagine fear analysis heart","2014-10-30 05:20:10"
"661","80","Because similar answer bank magazine person enough man actually whatever identify nothing team baby this","2019-05-09 18:57:10"
"426","13","Stay we become ask space drug form trial coach than his hard start send close age south bad but suddenly tough popular gas somebody","1994-06-18 06:32:58"
"794","2","Policy suddenly culture small provide adult person finish by home system wall despite","2002-01-13 12:11:46"
"889","54","Win nice until a game result serious attention measure order describe test indicate","1986-05-20 08:20:26"
"706","55","Bed detail address large size history impact couple light group nice how discover have economy positive learn perform perhaps dinner under executive research use","2004-02-27 12:25:18"
"1268","14","And instead section citizen whole security child remember carry watch ready heart after strong itself almost brother its environmental main leave investment","2005-11-29 06:01:10"
"1814","44","Into per worker from not cover single side everything poor good own employee current purpose chair compare identify rate","2001-11-20 20:20:47"
"54","32","Amount pass with color leave difficult already people operation arrive view chance study","1972-05-07 13:36:44"
"874","1","Watch this various certainly according effect why meeting increase discuss great keep respond through home final really less light page more everybody take music practice ten","1983-11-01 08:48:20"
"628","59","Those certainly charge never would another drive purpose yard language position decision research assume like today magazine small nearly full growth above chance you about today market somebody","2003-09-24 09:22:29"
"1257","35","Draw pay pass drug exist know report speak share cut when Democrat production risk there environment rock opportunity arrive month color","2006-07-02 17:23:43"
"738","8","Detail support candidate more likely economic already face chance total couple dinner right arm new","2012-04-06 06:54:18"
"18","5","Bed soon natural throw husband well financial economic mouth treat evidence main popular own close treat especially indicate doctor box","1990-02-14 01:36:54"
"1059","47","Age fall practice guess inside finally rule we sell hear card ahead culture that worker trip learn","1984-03-03 22:41:58"
"1933","87","Experience impact energy open should form receive meeting five kid dog guess answer fish measure thing family trade detail be skin any","2012-11-16 18:25:22"
"539","9","Land serious than fire total someone agreement night big by camera hour boy check hotel history provide structure born benefit mean shoulder lawyer suffer","1982-01-12 06:06:30"
"1259","11","System coach ground sometimes company matter more physical dog these away resource cultural unit behind fine represent car agreement response education billion southern","2016-08-24 21:04:32"
"1052","94","Chance finish toward way loss magazine region hundred them really little recent","1970-06-22 06:07:00"
"583","26","Learn marriage floor drop in quickly usually however hair Republican TV letter","2017-02-21 00:20:59"
"1942","95","Condition play almost that just chance light loss sit nation unit figure sit explain lose key yard article believe drop","2012-05-09 08:42:24"
"1433","61","Understand be condition again central thought cut event democratic kind source beat director course share create fine dark trial plant audience career particularly","2017-05-01 09:46:14"
"1796","59","Program travel away performance effect local serve detail good community item dinner administration out age stage if various method keep store probably despite card defense he","2014-06-04 09:36:56"
"1640","85","Forward source if black far network guess arrive since little professor nation total safe choose eight during husband shoulder level coach say","2012-05-22 02:42:20"
"1694","22","Couple level morning drop according try star friend event though top institution table lead way general","1996-03-10 21:18:15"
"632","44","Local because consumer democratic thousand almost woman wrong cup computer character democratic agree than word","1976-06-29 16:13:37"
"1556","66","Story provide even military military official card seek drug especially mind design","1985-03-02 03:37:54"
"893","19","Meeting radio its enter early evidence hundred kitchen best others need attention wind music candidate media war skin leader main wife name","1971-10-02 22:37:40"
"1858","0","Build doctor step show through they market serious employee mention need movie rather world late everybody","1984-01-14 18:30:32"
"1045","81","Sure better forward mission interview name should data let include result nor person for walk statement them care beyond citizen however way old","1977-04-04 09:25:08"
"140","89","Effect letter billion break single two ten travel yourself kind camera reality","1997-05-27 09:31:29"
"691","82","Though able crime traditional speech issue wonder can drug final letter participant","2005-11-06 18:13:10"
"1715","27","Wonder walk democratic television marriage data be whole build leader answer history stand type yard purpose level can surface","2003-01-29 01:58:25"
"461","26","Require fast lay adult compare such couple the family fund candidate change create stand over itself determine east increase quickly reduce eat light father","1993-03-22 01:59:46"
"609","31","Special whether wait movie state daughter challenge each keep six these drive magazine travel key probably city reveal where candidate president person both","2005-06-30 07:54:31"
"1277","81","Finish sense follow along range team personal compare letter part together sound meet allow record actually","1984-07-03 07:31:49"
"838","14","Detail actually rise around together material hear social issue instead simple drive third take participant","1970-08-23 12:50:29"
"1287","0","Situation career wonder citizen next west use director past design newspaper watch law black population different test","1982-04-13 16:52:29"
"1950","22","Try performance teach piece rich employee hold rest kid finally crime such drop newspaper","2010-08-05 17:55:38"
"612","26","Save strong start present could guy certainly customer responsibility it possible them learn have actually","1999-07-27 11:30:28"
"1421","81","Simply contain nature provide computer indicate those rise look cause our piece economic performance themselves ground gas ahead deal fall front","2010-04-24 10:12:31"
"1076","33","Small pretty simple song oil who black the improve range performance check wind factor","1997-12-13 11:13:59"
"1099","91","Assume home along community throw take road good material enough able traditional organization attention might","2017-01-08 12:27:04"
"1866","70","Improve partner debate approach more decade whole season old former little kitchen between right build eight husband into sit night business man sell box","2020-10-09 05:58:01"
"481","96","Activity especially stay care career manage seat least sing respond candidate process tell fish sometimes region tell century energy staff reality weight work nearly","1985-09-19 20:13:23"
"369","79","She store production your money list one serve until across both theory traditional best tonight mention ball head enter quickly","1978-10-05 04:15:40"
"1127","20","Kitchen game finally color scientist quickly south song upon exactly worry certain choice lot improve rest ok member mention","2009-12-23 15:10:40"
"1373","53","Speech white investment mention near social local much our people billion continue federal test trouble within same pick market power believe marriage defense smile customer","2012-04-08 22:16:28"
"1492","29","Including recently bit trade need it stand if win respond through only inside price there cultural respond we reveal","2004-03-06 03:21:22"
"1243","1","Real dream thank home thought opportunity outside true budget heart weight water tough quality during dinner growth support base hear together north","2001-05-16 16:14:57"
"254","84","Happen plan hotel dinner pass six adult professor ball of all painting quality recognize institution nature plan suffer include or do responsibility truth purpose half","1975-04-29 04:05:19"
"1411","71","Right consumer over citizen will special heart low me five help sing situation","2019-01-14 12:49:49"
"1919","55","Month relationship not visit religious effort lawyer view statement bag others might spend nor form central police but recently","2006-07-28 12:47:03"
"256","88","Term certain sister three strong PM health alone you only benefit doctor character hard traditional","2005-12-27 14:39:10"
"1524","52","Administration wide create dinner road protect organization total easy away institution former person staff break maybe help chance","2014-09-04 12:32:56"
"490","33","Ever than really relate bill around million most camera each on magazine ask ago mean follow protect free with quickly decade rather","2013-09-07 08:21:56"
"171","97","Central page end exist first teach sister first could another finally response town money in account color environmental throw with sometimes toward follow beautiful full","2014-07-12 08:27:56"
"1294","67","Look discuss end however too off pattern certainly report stuff table big great","1977-05-03 10:07:58"
"179","58","Back environmental sea direction Democrat generation store reality must develop what color","1990-08-25 07:52:25"
"308","72","Clearly score call new these center late avoid long go bag range current","1974-10-20 05:51:09"
"573","18","Building arm area drop for study room risk cause rest buy care get finally name next near style your cut them about whether","1982-12-16 10:20:42"
"376","21","Parent rule age policy anyone where need around answer guy according the how spring determine staff language house old","1989-04-23 11:18:29"
"1285","26","Huge entire glass plan message nor drug few would effect doctor evidence front different somebody back executive dream research","1983-04-17 07:05:39"
"1977","97","Capital west successful spring piece debate possible six huge fact hospital least special political only sell","1982-09-24 12:23:32"
"1654","52","Group new design hope true figure recognize of rock no view without range watch region drop","1991-06-23 08:38:51"
"501","93","Each street natural drive marriage team amount occur religious result home reason off into describe smile two I imagine because environment work senior gas","1975-12-20 04:27:04"
"1389","95","Evidence born example within his hear natural several girl foreign purpose audience Mr evidence hand left left foreign believe growth","1999-08-21 02:56:21"
"574","38","World card again adult project born without as growth mind consumer area sister project","1975-02-16 13:16:12"
"691","60","Upon edge unit professional piece section issue rise event rich question blood point draw I else last mention support boy control","1985-10-05 07:46:21"
"1714","41","Set western life space agent just together forget let record she marriage benefit go protect order have activity stand us","1992-08-19 10:15:11"
"522","72","Different image necessary be successful discuss need explain material policy age nation seven campaign final animal set measure have reveal easy example deep until","2020-07-27 01:21:32"
"1387","7","Out account get note care organization government partner option argue industry after step with least institution bag mouth question prepare not church","1972-08-03 10:45:27"
"1985","94","Result off agree picture perhaps region your hard rule work lawyer fall fear environment music nor traditional type mention carry project possible you executive short enjoy","1994-01-21 12:34:09"
"853","59","Degree create three scene else along miss every grow animal scene song among turn important idea someone million off gun agreement word most only","1981-11-14 00:14:34"
"1386","3","Around international rather race officer collection country include break response minute black operation little he law avoid method position quickly","2022-03-11 09:26:02"
"431","2","Standard walk position difference ask face subject third care should tough goal edge walk rise show","1976-04-28 05:08:44"
"1247","32","Yet room moment away enough feel project education summer PM note use her go resource more local always","2013-10-08 12:04:36"
"402","27","Relate finally near several think choose someone about explain can prepare quickly suddenly single heart pull six kitchen affect analysis keep kitchen send magazine word adult","1973-03-19 16:49:40"
"1602","57","Time what hot image nation series information big thing outside same body almost ok wear team agency break toward case economic once hundred","2001-09-30 03:18:28"
"155","17","Carry particularly education theory responsibility performance born television more authority per various they pay or table ten policy main him","2007-04-16 22:27:34"
"1139","94","Herself up specific side sea grow per describe hold just media there","1971-06-07 13:42:03"
"275","18","Special himself seem you challenge exactly certain fact but majority half pass enjoy store offer prove sea site","1984-02-06 06:27:58"
"359","69","Generation card memory receive day record on they statement stand stock your others wife day light wear former behind","1985-01-24 18:02:28"
"1718","52","Young article court career must beat lose couple do white name trial hold after because material kind society wide win gas say have section today end candidate","1980-01-22 09:21:19"
"78","41","Through other security once have from to arrive those top establish it trouble room piece machine look others garden modern he green drive night level","1973-11-05 09:00:33"
"1942","17","Mission hope different activity middle view thousand per history by everything study power while effort particularly police point everyone buy not","2021-03-24 06:08:25"
"215","80","Table seven sure country test week heavy case experience artist cultural loss first tend along series suddenly lawyer draw what for safe Congress writer discover drug establish","2006-05-24 12:34:01"
"1878","87","Bar box view police issue Democrat serious hundred leader energy leave one doctor hand glass establish","2013-05-07 21:14:12"
"1958","94","Four among nation suddenly identify onto room through necessary quite others site eye stock lay condition you customer capital rich wear also both","2012-01-03 19:48:03"
"1056","90","Fast moment grow tonight traditional development charge beyond certain both travel response skin sister together age than hit guy edge","1977-09-17 00:40:54"
"1523","13","Box term system finally minute long others single lose management east when example degree class ahead good various watch itself nearly","2006-11-13 10:35:22"
"551","71","Mr create manage fly notice Republican interest door bag assume pass couple happy","1989-04-17 11:38:53"
"1910","42","Benefit well any event relate wear interest us yes reduce Congress agency stand world however boy hot movement certainly floor opportunity serious","1986-08-19 14:32:49"
"1715","66","Teacher project against never capital then community science very people station also history computer","1981-05-25 20:55:36"
"1560","79","Article seven person family only other TV expect value it bill kind easy fish young many international director four","1970-03-05 10:44:17"
"691","35","Capital hair force human big energy box guy citizen early full remain would happen forward particularly through near own administration late","2004-08-30 16:01:38"
"1874","66","Voice trade fall through offer along lay score agent find technology set movie life nearly certain since us parent hard same quite true forward past probably five","2003-10-26 01:43:06"
"638","78","Light take effort voice fall customer prove current glass order enough thing message house store service usually difference traditional generation member","2008-08-29 02:19:59"
"870","79","Power over small agreement cell statement several finally reason of lead strategy member soldier use necessary better finally face skill","1975-04-11 21:30:56"
"358","73","Can try mouth authority side those join these PM deal campaign us candidate though long mission into each response","1996-03-19 01:13:49"
"505","67","Care certain this half listen up away little move ability nature not lay opportunity environment","1989-03-11 21:14:38"
"1620","67","Rate head color ability wide husband forget different not peace evidence minute share mention information mission son method","2021-08-09 02:58:12"
"261","87","Them yet author fact traditional could sound expect necessary decision his focus per bar child matter despite carry region mission tax statement physical positive poor","2013-11-24 05:08:03"
"666","77","Fire service season few herself laugh leg them occur blue see play summer get them","1994-01-16 20:22:39"
"247","50","Voice pick similar finally read writer improve pressure stay up political suggest who thank gas","2022-06-10 07:46:15"
"38","78","Me who son weight play strong crime professional street look dog area total morning fund evening nature that performance of mean future drop building seem join admit","2012-12-22 14:57:55"
"1057","22","Dinner city majority pattern marriage nice boy us to computer remain foot capital newspaper color exist role","2015-07-20 20:02:56"
"928","73","Way lay yourself blue free agreement air company left light then minute find throughout record area management close sometimes box use as business","2011-08-07 15:37:29"
"1137","63","Race bill task move should must according glass world agency first subject with second everybody board produce suffer other situation back into I such weight situation run","1976-02-13 17:16:28"
"413","32","Employee to foreign book program TV blue board situation bring decide cup Republican inside Democrat picture purpose character only","1984-05-10 09:41:36"
"1310","28","Them bad system drive thought fire kind admit claim major future race every size tend amount apply meet final degree guy others","2003-08-08 23:44:12"
"1164","34","Size add must product team approach to every face senior government young black cell major east truth suddenly Mr society law","1997-09-05 21:03:09"
"328","56","Feel half fall article weight sea rock meet scene sing study soldier real democratic different toward participant property character always","1995-10-11 20:25:03"
"702","11","Body represent table ever ask term after himself already avoid cultural daughter wall read age difference","1989-09-22 17:23:20"
"808","22","Feel song full music money dog firm great save fight free Congress west door light hundred today run administration sister hot show listen finally hope finally still","2004-02-27 04:23:38"
"1520","48","Matter stuff more book race relationship save whole market could value edge effort low option its seem will understand","2000-08-25 01:16:30"
"377","26","Meeting later film plant science cold affect threat bed bar serious moment travel within animal pass","2006-12-22 03:48:37"
"1265","37","Grow those citizen exactly major word daughter vote especially policy small yeah type","2006-07-25 11:40:58"
"496","32","Cause author mission film item chance where role staff important star marriage western however significant house fine house hour ball study","2016-12-10 15:08:05"
"1565","92","Your improve economy when spring town more money event better issue lawyer want pull together media agree cell off century last rule more course single","2011-11-02 13:57:29"
"55","93","War and poor notice write ok class north tonight tonight fish again fast themselves land campaign watch dinner anything sea conference standard member apply people","1988-02-22 13:09:11"
"826","17","Writer military health government pass painting first because happen a senior soon face available set within its","1977-09-14 05:01:16"
"1715","90","Travel tough cell save room should up garden interview scene your outside different together ability likely establish sea weight condition painting use piece no","1991-12-14 02:54:56"
"1831","39","Class benefit letter energy really low start collection image operation Democrat relate wife cost service side say difference discover read authority order stay","2011-03-02 00:00:00"
"1186","15","Organization camera rather able fund about against develop education threat glass dog program reach oil use boy power front","1995-05-28 01:59:57"
"565","61","Several claim agent anyone improve building partner look impact perhaps myself Mrs support force consider person discussion sport","1996-10-26 07:31:35"
"1442","84","Prevent Mr weight story world police he thousand second marriage throw nearly treatment price Congress someone traditional various price design scientist enjoy but Mr himself wrong","1972-07-14 08:12:19"
"850","62","Same bring drive charge hand side stop stand bit since court scientist choose material training decide his even without time apply give church western but science","1995-08-09 23:44:48"
"1019","89","Little white themselves main represent low listen month yourself know article none use simply memory","2013-12-13 08:37:38"
"1630","10","Win still onto side hundred along reflect television approach agency positive value on identify back term bring movie kind minute quickly image knowledge public federal style","1974-11-10 00:49:22"
"357","60","Line condition focus thank step evening way school receive sort shake continue hot while share usually west popular play evening especially social ago","2010-04-20 23:41:29"
"996","3","Real interview month would appear garden lose government lead character compare side production improve truth term paper rate send part","2011-03-31 05:36:04"
"1692","92","Series wide Mr carry size degree teach light you improve face together kitchen house budget than pressure yeah store suggest","1981-08-31 15:38:39"
"1967","39","Who simply size since campaign behavior loss those area much experience customer him bit small debate near entire nearly remain effect responsibility shake huge","2015-05-27 08:41:10"
"136","78","Five true arm fear step miss task doctor just suddenly customer police military professor usually each culture adult vote no bit receive wife","1991-12-20 12:13:50"
"1897","24","Positive place protect better be he market car population exactly necessary easy within board thus director east almost stay least without class accept","1980-01-16 16:30:22"
"1139","9","Do sense consumer article tough page ask bad cover security year physical possible technology yes reality defense next dark myself star","1993-07-21 14:13:03"
"1471","20","Answer threat east over great policy bar type deep young we pattern sister mission cost source","1987-04-05 10:38:54"
"1080","96","Whose player claim imagine share fly program in sometimes half pressure son oil seven manage page box hold activity minute agree none trial carry on","1990-12-04 22:44:05"
"1131","42","Vote hope so series TV pay of look mother size myself civil song","2004-04-18 09:31:50"
"753","5","Consumer right second alone tree trip population tree special meeting must consider","1993-04-16 14:40:34"
"1003","86","Economic side argue degree meet station wonder foreign minute answer energy hour guess share","1999-10-25 17:31:21"
"1617","27","Shoulder establish on environment however choice business public much quickly care television every mind everyone difficult","2008-09-05 18:40:36"
"1735","60","Race husband both reduce design surface government show play center forget about wait notice eat mean however","2004-04-17 05:04:23"
"79","9","Here find only wear development law guess big decide special home management man green away responsibility letter room everybody product trip full situation range discussion quality","1989-03-25 01:24:48"
"221","52","Kitchen account special Democrat dark side book network public gas happen by","2013-03-30 11:22:04"
"1255","11","Health crime over more great end difficult star develop leader structure although your far brother wife whose program natural war reach entire will everything program issue","2006-09-25 05:02:44"
"1446","56","Community memory born mouth clearly off plan treatment right anyone behind interesting fast","1992-05-23 20:28:57"
"538","79","Value third past ready toward radio live see include law foot upon ago station responsibility soon agent already call white road else author machine ask point analysis","2019-08-21 23:04:10"
"216","67","Benefit energy agree camera effect others court car debate camera teacher issue","1972-05-03 15:15:54"
"471","55","As one color want play who work relationship ball whole with old final more phone know member","2017-10-26 22:27:17"
"1312","7","Policy nothing especially finish three fight beyond at wish still matter save every who travel keep door which certainly watch","1974-12-14 20:44:21"
"52","88","You later improve office them hope create politics drop service development hot visit value idea large my sort clear laugh show marriage series","2003-05-16 03:40:26"
"409","44","Such listen enter manager break glass hard particular around maybe at PM price week rate measure coach week than hand ago identify question but visit impact","1993-08-13 02:21:46"
"1930","68","Never yet young weight magazine computer size your board range report edge beautiful plant citizen look","1987-04-03 20:33:40"
"380","21","Need do toward charge course shoulder middle dog join everything agreement enjoy often future true research improve over","2022-02-23 06:27:50"
"861","72","Mouth include task book seek accept ball understand agent interview design expert involve process move meeting especially threat prove character get","1997-10-10 08:33:39"
"1672","4","Quickly moment contain director matter budget least yard board economic attention pick change cup rate product article senior agree commercial information way foreign occur yourself car possible teacher","2002-08-28 01:56:59"
"661","54","Trial most different everything campaign fact current us manager challenge career address almost fund whole bed network","2002-12-15 19:00:52"
"1326","89","A should nation alone their finish issue mention from generation sound medical before else loss debate quality","2002-03-05 17:58:31"
"789","14","Detail gas state say it draw someone minute despite left agreement activity PM area score personal","2009-08-26 18:15:16"
"249","28","Look trial should beautiful dog management language myself later none newspaper standard by during grow agreement reality fast truth leader last son themselves population general all","1999-12-28 05:55:12"
"1175","83","Worker whether stock power foreign understand better age feeling time data bank glass goal whom agent free","1995-04-04 03:30:08"
"496","20","Other structure energy election build coach with education employee relate long threat every they popular travel continue performance citizen","2003-08-04 10:27:25"
"1241","11","Baby treat able week change major develop season meeting international mention any building sound name they particularly certainly accept thought","1972-04-26 00:59:39"
"591","56","Like treatment east particular action ok different price increase finish management parent food buy happen","2022-07-28 11:45:00"
"1335","24","Onto happen exactly wait seem night network action model real fall use stand wife red main","2021-12-03 15:08:55"
"1453","15","Throughout front ability theory anything perhaps second lot color story assume ability administration particular put foot wide remember station hospital yeah develop","1981-01-26 17:19:28"
"645","97","Movement bag officer body between report down if strong however senior economy may government expert phone recently true foot","1994-08-03 03:18:33"
"850","98","Style thing west here light season baby I candidate best where name structure well west protect from page likely some board","1982-04-21 13:00:04"
"847","48","Movie whatever wind practice building audience thought can trouble none most teach international still body collection check major turn me bring travel why man treat feel choice","1981-10-31 08:35:04"
"1287","67","The else city rise network eat onto star fast standard thought hair institution tax fly body possible industry population suffer price notice color","1991-10-06 02:27:10"
"1606","32","Term dinner cup entire decision member response customer produce suddenly her discover watch nice focus among how something day","2001-05-25 15:25:11"
"1645","88","Huge door especially set especially operation leader similar see environmental something middle cold list new doctor pay both outside traditional so despite election","1975-07-08 05:00:14"
"1299","83","Whom act worker quality town fine nothing religious station receive very imagine understand","2008-06-25 13:24:23"
"1124","54","Small ever increase house science short around member far require generation rather investment assume let more will today response base evening foreign","1973-02-01 08:29:52"
"889","90","Inside fund south safe later three cell as behavior current offer out pattern billion store argue meet","1993-08-06 20:03:15"
"753","98","Down cover early if interest star difficult of technology enough wrong section wish find less coach blue affect through interesting enjoy actually significant prevent back tend","2004-07-21 03:09:28"
"1538","99","Agree there image check wind she international join push when animal none dog left really","1998-12-23 05:28:14"
"1054","19","Compare culture loss series itself enjoy outside example wear science end manager remain your organization together high music reach maybe without north cell off spend","1998-04-29 13:44:13"
"578","5","Support look life key when happy white interesting week firm both network figure thousand current health","1983-06-13 18:01:45"
"1144","74","Scientist likely than law already production boy understand bed occur reason account sister believe fear of idea place participant mind open fund forget figure dream","1995-06-16 23:33:50"
"766","83","Sea anyone keep glass short check year where major full guy civil tonight across plant image method someone over actually","2012-03-25 12:43:21"
"79","71","Body glass others drive case least term six require amount service include by TV image sort begin skin determine class","1977-09-08 18:31:37"
"769","29","Sea wall despite believe nature year summer PM note simple game important degree still rise house kid end building step spend health represent ahead wear general","2004-01-12 03:40:57"
"558","92","System son air wait day hope federal worker before laugh lose message fine imagine technology per drug traditional whatever manage a","1984-03-29 00:48:52"
"1850","8","Pattern general discuss when anything seven dark detail life single often matter stock ready which let life beat several","1985-08-25 14:19:29"
"622","0","Computer marriage trial assume always however sea this real mind anyone agree former","2008-02-20 16:07:08"
"1368","33","Wait old maintain human find a full thought arm group teacher pay take consider record society let face seat window ago","2009-02-27 08:36:28"
"379","54","Contain teach response fire field miss which worry interview guess nearly seek whether few position few program media structure spend late two visit receive everybody include","2004-06-25 08:49:51"
"1674","10","Listen spend huge scene third situation sport threat that tax still major instead city use seat yet cultural green role water direction","2011-12-08 09:09:22"
"1735","57","Trial address Mr wonder great television control yes design responsibility process rather prove rich food year so where make culture improve assume finally possible","1983-07-05 23:03:43"
"307","99","Laugh of even assume finish western edge family space special public agree off they want him nearly forget including computer around worker together forget up discussion","1984-11-04 17:00:10"
"102","33","Blood hundred civil collection ability security us government country election voice stuff example describe address campaign tonight spring indeed subject go force least","2013-10-05 08:17:51"
"900","50","Believe develop election safe method during land page report significant never air their from election top skin keep ready","1980-12-08 12:13:28"
"995","41","Yes gas eight shoulder inside audience about outside like kind thank financial ahead save win common single exist company","2013-08-26 21:46:51"
"549","30","First contain fish partner full thought big page teacher only simple require center help be generation need human address party bar quality maybe before by charge","2004-10-26 16:00:17"
"0","77","Population military race boy board share difficult production least describe fear morning blood whatever fly","2008-11-04 09:25:59"
"1098","51","Whether home seven alone anyone Congress red exactly all difference game person","1994-11-17 19:33:16"
"1576","77","Enter guy base resource station hour officer under education science former research majority thing boy","1992-07-29 11:52:51"
"1754","34","Clear answer deal particularly fall piece market friend fish cut identify half trial natural","2005-10-01 17:23:03"
"458","18","Law since future debate space main word foot matter Democrat claim Mr red benefit first customer husband","2014-08-23 00:01:07"
"1886","30","Officer administration participant appear every message south even under kitchen quality southern agency worry ten evidence radio end","1982-01-22 22:19:21"
"224","0","Fine national receive executive throughout something couple red nothing address quite tend something tough sea else radio firm","1978-11-09 07:07:35"
"548","18","Benefit decision might past crime provide foreign could according thus head red push customer employee build take that first society woman appear financial kind door","1990-01-18 17:55:35"
"1915","95","Two land more collection fight agent card president feel expert leader indicate theory describe campaign room claim somebody","2015-02-26 23:24:57"
"364","23","Likely debate in walk statement among firm necessary surface each start between","1999-01-26 10:59:24"
"1438","17","Education book successful fill somebody ten political argue statement life decision chance treatment answer","1973-06-09 05:28:11"
"308","81","Phone wonder region process key candidate third game thank according item student marriage gas sense law walk stuff none face investment big would","1972-09-18 19:09:16"
"767","62","Think section study among new student into offer fine piece continue couple wide tough build picture despite fear little significant force","2021-09-20 08:22:17"
"943","77","Official other treatment analysis image national hot idea throughout born eat throw heavy there note often education that","2004-07-14 02:46:21"
"695","79","Receive author area couple walk enter pick poor begin various record glass may design cost space former agency sister official happy serve else performance likely money prove let","2022-02-18 09:25:11"
"1718","53","Certainly agreement government heart senior establish finally either member more design because whatever he into there another draw watch wall mean","1986-06-14 14:38:58"
"1812","43","Industry kitchen difficult door white inside meeting again when each article significant necessary team cell","2009-10-13 12:05:40"
"1932","23","Develop today partner bill billion song your ahead source best action relate move security sister down rest movie join through country and training almost prove not huge","2015-05-22 06:33:50"
"604","6","Drive lay try cause choose hotel machine assume big result everybody cell bring college begin","2005-04-19 23:02:59"
"1289","56","View citizen itself baby feeling perform official protect owner best represent language indeed ahead idea","1986-12-15 06:28:41"
"1325","94","Effort perform despite citizen test charge gun career decision mouth close read spring would finally whatever involve activity series process often visit size reveal protect government computer","1994-05-26 17:12:31"
"766","7","Tell soldier kid cup learn mean challenge through individual red dark leg again best attack realize discuss call same upon live pretty house","1999-09-30 20:51:46"
"1942","51","Idea peace kid win write send car both include add loss although sister left north letter happen","2010-11-05 20:16:54"
"1903","24","Again response it inside fill table your area station near PM purpose season","1987-02-20 22:09:03"
"1140","29","Step order show those leg drive brother risk physical until onto above interest six site company democratic soon answer blue gas","2000-03-13 22:56:05"
"1694","2","Should listen collection including eat hear last though stand institution city prepare staff laugh","1990-05-22 04:23:54"
"1569","17","Arm method them skill sense start ok arrive statement community serve school arrive guy able not","1982-06-24 12:42:25"
"891","40","Surface and exist pressure break various main service poor may fear election company present century bag big business sing leave goal soldier official figure","1984-12-24 19:57:42"
"742","20","Suffer few word significant figure direction moment each guy research half star ground adult though maybe anyone prepare capital blue avoid lead certain us bill son price beautiful","1984-02-07 02:22:42"
"1802","48","Congress spring third mouth four nothing include former whole measure natural commercial pressure mean","1995-05-25 18:44:10"
"621","48","World next six ahead force coach despite candidate out simple exactly physical laugh tonight or","2003-01-06 19:59:53"
"403","64","Share up tend fear discuss together campaign know them project since financial question another college ever memory drop summer","1994-10-23 07:21:33"
"895","62","Fly minute seem fast impact deep situation able personal check how some seek story evening month miss court","2013-08-11 22:26:16"
"629","82","Service buy could simple PM under before decade series why sound require sign American indeed old","2006-01-31 23:37:31"
"191","26","Worry wish program project future society strong short possible out condition why election yes member","1977-08-27 16:44:16"
"1112","24","Sign just word get training present of card dream determine win one choose each turn such have opportunity growth water professional choose couple very","1984-09-24 23:45:49"
"779","52","Party budget skill despite audience while citizen coach interest attorney someone call remember kitchen me form lose interesting leg century we street","2020-01-06 00:55:43"
"1583","14","Market event natural talk professor suffer buy college pressure admit serious key end forget detail institution production along appear design I behind around do raise drug","1974-07-06 21:06:31"
"934","33","Go ability challenge blue with environment direction sit writer visit mind base station bill goal hear would","2016-11-06 16:43:37"
"1584","7","Remember report around image adult five federal ten matter clearly decade participant go again music owner treatment century during control","1974-06-29 10:48:32"
"1721","62","Carry election even air add choose big whom bill evening agreement reality loss stop kitchen fact","2000-01-02 08:18:40"
"183","78","Eight difference beautiful join recently whose line figure purpose modern others dream team case space around involve never","2021-10-26 08:52:16"
"411","11","Few from west under exactly information cover ready increase environment door sit teach receive simply beyond bad assume region","2020-01-27 22:51:32"
"995","96","Decide half leave east change late green each reduce finally soldier wall ground leg","2004-09-09 21:43:43"
"860","96","Miss worker choose figure wonder season charge bank finally prove near strategy partner throughout art safe need need fund return grow","1996-07-03 09:15:25"
"1222","79","Industry table western similar safe treatment or service low how Democrat since citizen expect government out citizen education hand","1985-03-28 10:40:21"
"1371","33","Pass always class power view agency develop add road leader poor that way by material break act remain answer unit teacher the after","1990-05-14 23:54:08"
"227","38","The produce benefit career lawyer avoid crime forward tree property respond painting door himself claim benefit realize no record poor personal deep event when magazine behavior agreement","2005-12-25 00:59:53"
"1041","41","Anything opportunity its interest understand thought third trade throughout dark response western to edge along get prove own opportunity about want happy tax fight maintain arm total finally","1978-07-02 20:23:52"
"1993","20","Send feel movie discover lead cup once fill early born itself radio tell","2005-03-24 20:19:08"
"569","54","Require situation may night test major more role sea beyond feeling possible lose practice experience effect foot happy nature quickly teacher yet do happy although","1976-07-12 14:23:53"
"102","91","Bar anyone choose think free budget pull receive effort truth feel attention decide ever particularly others finish","2019-01-02 12:48:29"
"1162","56","Especially raise state bag maintain member teach admit out chance ask either use head guess cup large firm least level financial ground wait","2012-01-15 19:59:53"
"64","60","Inside star anyone see research town wide over floor term page social talk stand hospital million understand wide end something walk civil though throughout this by","2018-10-18 16:26:27"
"275","94","Real general appear contain hand ok approach owner seven add talk ten impact baby any hand","2017-10-28 23:59:29"
"1502","30","Star doctor beyond skin modern animal claim statement past when movement contain score reality present responsibility environment itself writer building eight they always smile oil","1973-03-03 00:49:21"
"1381","58","Person what man drop major chair old husband modern item degree glass service recently it exactly whose tough push four west democratic","1980-10-09 06:25:27"
"1974","95","Eight church she sound mother once measure pretty event force land seek guess he green believe describe soon mind history finish society day together world organization","1988-08-05 04:53:46"
"1130","52","Even though various well so behind majority table can question instead play several class tend","2017-09-16 17:57:28"
"1606","13","Forget grow water mother less wind everything when material consumer process still daughter nation see agent arm huge law leg win every just agree","2018-03-25 01:40:59"
"1894","64","Second fast bed difference memory approach so major lawyer what hear team on model night generation conference hard account understand third ago Democrat shake","2017-05-02 20:00:45"
"622","37","Attack perform camera spring week well forget many perform effort four successful business raise fill value several side","1997-06-06 17:50:40"
"31","59","Bag religious stand check lot high large plan either mean group himself writer couple across","2015-08-05 15:13:44"
"126","64","Already sit tonight election talk open serious newspaper foreign crime huge turn","1997-10-24 22:50:48"
"1884","91","Single work director end chair stage ever feel school effort this central describe speech","2021-03-25 01:36:44"
"1946","15","Want worker miss pick window here require she affect one conference well three skill sometimes month","1996-10-19 03:52:09"
"1471","46","Very agent loss become focus myself decision people prepare local sit out sea movie already subject glass subject conference character be second hope where","1983-08-06 21:47:08"
"1589","9","Art why continue leader anyone past whose step build agent travel piece prove small plan member member forward left green little card rate","1970-05-01 09:42:11"
"782","82","Public painting nothing contain good different whose away cup create total around message both sea","2012-03-31 06:21:56"
"1241","54","Tough memory environment base sign will ok hair accept really put dream four section exactly miss capital tax significant trouble say deal seat what start head","2015-02-18 04:45:50"
"1783","25","Short shoulder control live exist outside protect tax middle fine similar any about manage common","1976-03-31 16:20:41"
"771","20","Imagine husband heart yeah toward order present just degree of affect here it few develop will young pattern behind read investment including note analysis trade","1999-05-22 09:04:36"
"606","53","Various easy pattern position call budget school south fill spring mission town style writer example truth year item news","2004-07-15 15:59:39"
"279","7","Organization half either yeah Congress left manage mouth blue drive manager child list room paper than that what up visit spend stage without wait","2015-10-14 15:12:03"
"1585","45","Successful challenge record thank too rather finally be poor collection child money involve spring cold well her road body wide six figure act","1980-02-19 01:30:28"
"730","47","Language surface write country carry note sound do eat sense seven peace discover avoid somebody","1982-09-10 04:05:47"
"1119","52","Investment we rock design fine down behind son pass American state send but significant region billion light wish security single today rest past way trial","1975-02-20 03:27:00"
"502","50","She consider project perhaps cultural away religious must Democrat idea image usually","2004-07-13 03:30:34"
"435","94","Window next now set do organization before always skin agency building state audience pattern others outside daughter result his","1975-10-09 23:22:17"
"1639","6","Model area series final real appear middle woman heavy wait box speech own line sense above seat pattern morning front industry game toward attention end member","2004-10-30 05:29:55"
"562","2","Find mother once walk wide other series only street sometimes energy should table above ask most meet success both yet","1992-12-28 18:33:41"
"142","65","Sell ready reduce partner draw fact power history ball rate college determine miss those","1975-10-28 11:44:37"
"462","36","Race feeling sense offer them next certainly rest focus one require no","1979-10-10 07:31:07"
"999","13","Sing the bar community look by body ago Mr official blue government fine produce which though soon skill","2009-09-23 21:00:01"
"187","2","Remember doctor administration follow commercial be industry must picture class key easy both five Mr market bad among purpose present","2007-06-20 06:10:02"
"1272","90","At building baby continue world nearly successful television different mouth dog cause visit impact stay hot can","1989-08-26 06:11:48"
"1385","64","Capital choose hot establish include store away some case Congress sit discuss seven record tax threat inside race then discussion treat","1971-03-01 02:18:37"
"686","97","Clear build imagine admit over me agree around but add identify around while improve guy dog","1992-01-30 05:30:58"
"554","47","Peace dinner idea meeting appear term itself only address science behavior science appear behavior them official ready federal myself word","1987-05-17 04:23:57"
"662","97","As century until own mind quality movie nature together while center research box his","1998-01-11 00:21:25"
"1112","38","My center allow nor discuss magazine name by health myself scientist happen time represent red serve until knowledge cut with product whom enjoy senior yes capital fact","2001-03-14 07:59:34"
"1615","47","Population throw day laugh loss say could not structure pressure raise activity way girl area practice world sea could","1977-08-09 13:38:55"
"161","50","Yard spring risk question seem paper improve agree tend challenge keep something line whether third painting left write wear expect husband phone way room","2017-04-01 16:07:43"
"133","0","Even guy recognize first every bit others hour key station successful plant star agency former however total maintain","2016-08-06 22:06:01"
"572","63","Dream over interesting democratic style professor key teacher different plan speak candidate take protect vote move yourself positive argue fill generation job everyone environmental through rock north","2011-08-04 10:33:10"
"702","60","Peace focus contain here use as worker hundred sport page police game affect if year","1995-10-20 19:57:11"
"1946","1","Want understand against should yeah from foot he writer realize similar degree save small late spring heavy stay after tonight support pull heavy","1994-09-18 11:47:51"
"1229","33","Top guy wear my election pattern pull interest business choice environment car move claim edge front brother nature natural sound center traditional perhaps wrong something long","2002-11-09 01:50:16"
"1550","20","President town seat phone claim its little time business sport again white door whose hospital during not reveal list citizen heart indeed not","1978-06-05 13:41:01"
"1639","19","Against stop her since rate face necessary off represent throughout full rule yourself should well","1978-05-24 15:52:50"
"54","88","Ok energy current team serve nature born everybody often fly discuss account hand choose debate","1974-08-11 16:00:31"
"1108","41","Time at nothing despite big none her as experience number must drop unit turn picture article think it cut memory","1984-05-03 05:28:59"
"1518","25","Serve everyone until life which child away develop magazine expect free finally short group half popular rather main instead bring individual offer discussion stand quality per","1973-05-06 02:17:06"
"696","48","Reduce often course travel course task or itself quality big wait exactly exactly office","1990-07-05 02:23:36"
"690","36","Beautiful gun against environment suddenly want message night owner ball fill writer have same hospital resource event watch answer Mrs fall week Mrs reveal teacher table","2008-12-19 17:53:04"
"1933","67","Wrong lot officer lay player alone base game choose opportunity soon TV push with voice something very mission than question","1980-05-30 21:37:27"
"632","9","Up wish consumer food different against opportunity none half industry level law compare here camera trouble course safe state physical different eye book some","2001-11-01 08:08:56"
"684","36","We several gas once center team protect probably energy air knowledge oil will","2013-10-29 00:08:46"
"1592","70","Action actually learn serve work ever develop health hit little myself institution project black western certainly study picture land east say animal special new member keep hour","2012-01-06 21:53:18"
"564","77","Represent station agree PM less gun fear themselves support ready TV baby relationship pretty total back teacher film lay actually white","2021-05-03 23:46:20"
"1669","14","Agent hot enjoy level tend sing fight value girl morning second condition factor type test near safe far chair rule opportunity sense impact person civil new","1985-05-25 13:29:21"
"741","62","Though ago special bag school chair clearly month build sound story morning pay against simply become price mention not question","1984-06-09 23:41:39"
"1070","43","Feeling behind explain from case hard agreement floor yes address name by model fine","2018-09-29 09:10:34"
"490","1","Ago by federal theory pull history real notice task whatever control girl international its behind machine state tax few house move","2008-05-24 00:17:24"
"1462","28","Customer word send item low PM carry important across business chair brother court once energy size arm new first impact deal institution various out or same","1972-05-16 13:31:00"
"1520","35","Want gas president tax board window shake hotel always as second somebody behavior president same cause serious","2017-04-18 06:03:50"
"233","20","Notice response small provide better course property media song four ago couple","1990-11-23 03:26:41"
"777","12","Person project remain specific thus along eye debate home may argue trade allow third","2022-06-09 05:13:46"
"1706","44","Southern know similar let reality party early prepare traditional economic whom share","1988-06-13 23:20:09"
"772","34","Arm degree season glass out great black able author happen power he wife tend again break thought happy language give class","1975-06-29 03:12:32"
"683","17","Build word machine rise concern professional true thousand common word point take either election should full we around five","2014-05-13 15:13:51"
"558","43","Player record lay head have travel admit edge agree have raise among political those leave life necessary yard involve","1986-11-20 22:11:03"
"929","21","Test table month less him management front material accept least oil explain affect explain talk contain purpose","1982-09-30 11:37:18"
"1965","2","Very my hundred social nature tough return occur material share rich keep action simple wonder the stop together contain maybe","2002-12-05 21:06:03"
"1079","89","Hope beautiful during could least environment public throughout next situation apply leave sport pressure skin build require film","1973-07-25 10:08:35"
"157","87","Have direction natural nothing identify hair player among skill popular table someone hour opportunity find fear police life significant toward democratic","1996-05-13 13:08:29"
"916","99","Many movie college family student up wait themselves staff opportunity around bag together yet Mrs ball consider experience offer any onto true determine future onto expert","2006-04-11 05:39:10"
"981","32","Opportunity work difference performance surface laugh explain on size more research sister approach piece culture why themselves bar green follow occur else pull","1976-01-17 22:05:27"
"1144","79","Fund unit with cause human truth position general interview take test threat one reduce win trade","2013-05-01 10:40:33"
"1130","79","Its between development near help management itself state president computer century sport business religious tree","1974-01-27 10:00:48"
"1040","68","Strong seem do along ball oil better phone alone entire experience wrong particularly to return assume career southern","2013-12-31 09:18:40"
"841","79","Number attorney collection whom today teach able head know writer wife his walk power certain attack third note style when what since Democrat window through husband","2022-03-01 03:46:19"
"1954","52","Name senior team data necessary face tough population central sort cup ball role than discussion movie need focus scientist","2012-12-02 17:29:29"
"73","94","South share role perform wait network area five really economy almost these finish western finally expert rate news hair large sign away when wear","1986-12-07 10:56:06"
"1750","46","Head become act end happen indeed light stage up school among happen daughter later as face","2017-09-29 07:09:03"
"887","31","Television discuss reduce radio plant company try small must lay follow room develop reflect value activity safe less","2000-07-02 20:46:10"
"874","6","Contain particular quickly whole three home tough for buy until family sort guess through","2003-12-16 11:34:26"
"638","85","Son according summer back contain until theory lose evening myself course realize camera power son value board success possible year necessary","1994-10-06 02:02:31"
"22","34","Ten son some job build against sense fund she they coach tell bad open travel state stay again ever support wrong this real suggest raise","1972-10-30 06:16:47"
"308","86","Perhaps how answer party usually skill end everything that everything figure enough far several beat center senior","2005-01-10 00:59:25"
"1294","57","Common especially respond film month deal choose maybe else care especially hair represent board","1982-10-02 00:43:10"
"9","1","Significant few build my medical word state amount let easy right leave make him fine draw","2002-08-14 18:00:27"
"1824","94","Company office reflect travel animal check room perhaps focus you artist knowledge hand beat join their occur skill couple","1986-11-30 21:53:35"
"995","58","Owner foot only property finally think would maybe test same thus drive friend good member boy baby radio fast","2019-01-28 23:31:01"
"959","75","Room war scientist own real soon nothing near physical clear exactly various see wind small role what","1972-05-12 01:24:30"
"417","80","Chance teacher low end service say teacher administration decide animal behavior short house body century choice usually response off ahead nice one","2009-09-29 17:34:02"
"416","97","Have outside sit interesting yes claim job common enjoy study people sing manager worry dark reality in baby sense save identify","2005-06-01 13:57:16"
"539","66","Paper across member fear her Congress the term cell recognize company million rate audience","1985-01-30 05:05:28"
"578","42","Onto marriage individual cover entire dark scene run recognize now total road civil minute compare style only","2007-01-04 02:22:40"
"534","64","Hard entire way notice class perhaps state theory take discussion whatever become option yet player part station name identify fly trouble","1999-08-29 21:25:50"
"1470","24","Baby whatever present artist deal explain point us name would call TV include shake collection election serious amount go store record together choice able tend movie which nor","1973-06-02 11:07:22"
"1839","89","Raise research his trip rich audience election smile however teach age recognize entire back west surface require little fight outside","2021-07-16 10:17:34"
"229","34","Majority bank certain visit service agent write report always song move size quickly others magazine under I administration boy image foreign","1973-07-24 04:12:45"
"1436","39","Former way activity tough win writer sister occur she risk anyone structure middle various reduce report guess talk wear cost area key will situation front radio now","1979-03-20 15:15:16"
"437","25","Agent do health away themselves space with despite artist eye next sort first conference trouble relationship true north top","1972-06-05 05:30:58"
"1391","61","Happen almost we scene travel position why table child bill yes respond","2010-05-25 21:57:27"
"754","93","For development keep conference direction church tax size ready through collection west for most once ever everyone both anything subject style","1973-10-24 22:35:27"
"883","94","Line continue eye hundred method series me plan measure weight foreign third course wide heart system room seem argue degree cause sense physical far support have","1989-11-19 12:59:05"
"502","11","Establish kind process car hold chance create reason relate production morning yes include government oil Mrs stuff myself nearly consider bar set college","1984-09-20 21:54:34"
"1040","32","Goal lead follow thousand use finally someone report more various age town their able thus economic statement professor garden save newspaper expert water","2008-07-02 15:13:02"
"1639","78","Message parent may face not these money upon give third keep your possible large music structure without identify police","2014-11-03 23:03:07"
"656","17","Want various authority rate property three arm fire believe paper appear apply prove","1980-12-28 15:27:24"
"1503","61","Operation quickly bad hour we million member specific everything could travel he near which business to network maintain good","2020-10-17 22:51:56"
"538","53","Evening animal represent buy mother him anything page change protect institution less author others across company four specific serious fill reveal dream himself season because miss than","2014-04-06 03:37:31"
"1541","88","Consumer Democrat answer word mention five politics tough center science challenge chance young hospital cover health see","2003-12-24 17:34:37"
"833","97","Happy she key environmental available goal then sing type sign turn training enter number together","2020-06-29 06:48:13"
"398","57","Environmental manager your material kind sometimes maintain quickly generation question end science office personal picture stage for","1984-06-23 04:54:08"
"919","81","Today enjoy people water where raise first woman table either candidate let view what activity floor good especially beautiful cultural past suffer","1999-01-10 06:39:39"
"458","21","Provide rest catch lot side place so worker production real page send big stock coach fly make surface crime by like summer view song less everyone","2013-12-15 03:49:21"
"1633","14","He white physical conference receive agency trip easy poor cost truth he glass public debate likely several least operation less century all both work","2017-03-18 12:12:52"
"1600","85","View huge me hotel right help oil thought reason may very enough wide person show production really view consider","1999-11-22 13:18:28"
"325","80","Religious section leg factor water pick thousand foot Republican analysis sign than practice those life take model and college public cell cause marriage","1987-12-05 03:08:59"
"1776","16","Season now senior like particularly fish other institution under pick set surface city film ability kitchen her serious next structure nothing inside scene recent under first","2021-08-21 10:06:12"
"1839","78","Unit economy enjoy guy forget improve reason stuff event arrive soldier office simple authority whatever cost maintain protect young type","1993-10-29 14:14:00"
"999","51","Offer despite sure fast ten property pick parent his certainly work really or these herself remember piece lose imagine happen explain law drop","2001-03-31 03:39:39"
"1373","30","And table be she technology painting her phone management include speak blood society letter owner quickly discover space back author in center research","1981-06-20 17:30:22"
"1130","21","State feel many continue stock entire but century under soldier price resource never during business young","2005-08-03 23:18:47"
"1689","52","Approach special factor water mission movement season always her exactly manage them left of social Mr job without system nice wait stuff special","1984-04-09 13:38:12"
"1015","59","Prevent under particular meet agree reveal gun compare last within industry medical begin many paper real building challenge nothing bad table nor change","2011-04-14 01:31:59"
"678","78","Recent activity here soon world chance check company whether customer Congress quality ground modern team moment recently sit law loss","2019-09-05 01:48:53"
"619","56","Professional time necessary instead indeed art low politics financial pick commercial dream work pressure friend tough door authority might month politics lose image free street ten","1999-03-07 09:04:44"
"177","70","Side onto provide through notice consider chance rule society letter capital sport support nor amount let discussion contain stand skin body blood affect despite on this radio","1973-05-29 21:43:47"
"1829","21","Population world benefit we choice office agent story bit mention store grow culture these","1971-09-12 19:00:15"
"256","9","Reflect wind woman skill middle call control half natural along almost thought type cut see","1995-03-12 08:00:56"
"1123","57","Window dinner then it right cup now which threat product arm stand market fly view","1986-03-16 00:08:23"
"1949","2","Model particular person maybe thank four food whose can relationship expect environment price skin design surface agree share nothing decide feel worry","1986-12-16 10:45:34"
"980","98","Fire never ok fine apply huge recent but themselves safe coach door week camera main","1998-02-09 16:04:10"
"406","99","Tough politics alone follow bar lot eat through style light Congress he player both contain myself participant like watch half skill of drug avoid","2013-01-11 22:14:10"
"1917","43","Must find several store foot body type point together medical check enter manager serve question role good sister brother though him recent individual star","1996-12-28 05:21:34"
"1683","86","Still against inside store out either my either arm fear have let speech miss information must other help smile table","1970-03-29 10:06:46"
"143","50","Section couple direction seek doctor take send trip speech claim particularly laugh","2015-07-13 05:00:04"
"1929","70","Meeting future stop south expert sing past charge machine capital hot author step stage though article power scientist notice event ago finally","1975-05-28 14:50:08"
"416","56","Including what key conference remain wind positive crime clear break work address start painting central reality grow including fly direction television drive minute military","1998-04-09 09:45:09"
"1026","73","According seven evidence maybe wind whom north interview traditional stop top me suggest new play personal","2018-07-15 13:35:55"
"1043","21","Issue leave suddenly drive carry second image memory baby nature manager how nothing bag send nation break military hope else reduce exactly stop with","1972-09-20 21:04:09"
"1285","48","Crime usually itself figure cause morning house send sport great relationship minute somebody debate face activity image century growth economic agent discussion follow particularly game hope","2017-10-02 12:29:32"
"436","41","Republican itself west blood only song true happy lawyer finally mission wonder performance","2001-01-17 10:36:45"
"1503","73","Event too collection ready parent feel nature rest officer scientist minute add onto spring which","2012-05-16 09:43:55"
"179","10","Whom west three stop science toward democratic seven visit project successful safe appear audience deal feel production successful however sort analysis sea thousand final reason peace","2021-03-13 12:11:07"
"1637","90","Five cut despite modern way else couple shake another record Republican free industry speech truth simply magazine inside like often throw evidence character","1972-06-03 10:15:04"
"517","17","Loss manage sense magazine full power production study responsibility appear man effect painting","2014-10-04 07:27:10"
"466","43","Around tax career state subject wind again director yeah watch ten question","2015-07-15 01:20:12"
"1479","1","Difficult fall notice heart travel second me Republican thousand act center very space because everyone fund win watch tell one","2002-06-02 11:55:30"
"1896","77","Develop kid him author fast process condition head agreement ability program name well take","1978-07-24 02:50:18"
"1735","69","Spring bring chair central foot year recently Republican manage something east young skin total I because age into step edge heavy budget religious approach war too","1973-01-27 07:39:02"
"696","87","Some others road draw popular parent clearly in power office beautiful meet race performance couple","2006-03-18 14:16:01"
"1429","24","At your cover son large two rule page poor explain place Republican red become image road claim sea find condition particularly generation","2011-04-28 14:03:57"
"1193","48","Cost hour song size Republican nature trial buy hold above past mind himself relate worry part team collection deep adult similar perhaps tough husband sister note","1994-11-27 03:58:04"
"856","58","Hear a development strategy indeed approach book agreement plan south discussion change certainly cell soon student air","1987-03-21 10:21:31"
"160","67","Institution personal tell the heavy buy pressure imagine operation score poor the control see it explain threat myself realize response necessary","2016-03-23 11:16:57"
"1054","12","Style show tend often five along feel cover image dream material friend","1982-11-14 06:13:30"
"179","88","Section they key consider employee watch pattern interview just that wear interest worker natural over half suffer growth fire impact wide discussion director","2002-10-27 07:37:13"
"542","32","Partner between list oil thought phone camera size forward performance sometimes vote born whom although late accept despite chair attorney scene commercial Congress center out police themselves","2013-11-16 04:05:27"
"1949","7","Fill alone fill travel have box often to wonder side hand difference write laugh PM me administration entire sound to entire newspaper beyond most under else","1977-04-29 22:59:16"
"207","97","Cultural clear effect western simply town worker with live economy under memory high until behind just degree in sense respond listen run teacher necessary attorney author","2017-08-13 21:15:42"
"21","45","Strong vote beat civil impact far front where general language court wife blood listen Mr mention speech whether across","2001-06-24 16:54:44"
"517","83","According industry wall service in down floor beyond individual physical seat consider though movement officer on game meeting","2020-01-18 11:45:54"
"1993","58","Pattern loss imagine interest long during seek effect common fall model someone","1983-09-20 13:44:17"
"1560","44","Less president avoid audience parent want property above information money property alone stop tough charge listen half feel each discuss reduce quite fear environmental until","2007-04-17 15:04:02"
"1053","33","That nothing citizen institution space defense memory hit because heart experience military professional interesting her make cold teacher student certainly kid away whatever middle him","1989-08-24 05:11:39"
"1878","92","Their some must form physical nature imagine social six much impact smile network paper citizen brother","2002-04-18 17:52:58"
"1325","33","Within behavior Mr such talk decision tree dark information similar item nice","1994-01-03 20:50:08"
"435","3","Else matter wife could party benefit improve game west firm news increase audience","1990-05-21 15:24:23"
"1478","54","Hold thing present area half argue sort really writer data state measure take other serious prevent agreement trial realize live","1987-12-10 06:00:48"
"1658","99","Important bag tell than now kitchen stock management place see his tonight","1979-06-24 04:05:08"
"1600","18","Full life itself strategy education range across major before our lead several claim nation save","1977-06-21 14:38:05"
"852","21","Size medical if less commercial two table arrive person field sport body born several","2004-03-29 20:47:02"
"1593","1","Beat concern wear medical certainly either situation decade charge game social six result heart cover seat cost sit","2001-11-08 23:03:41"
"1362","66","Industry almost collection shake budget space provide with sort question drop growth until","2006-02-12 21:49:04"
"1381","40","Plan long spend red view certain find hair hold serious kitchen to election","2000-10-25 17:36:47"
"1565","91","Need thus present treat order meet prove democratic sure sport stage program","2009-02-06 21:22:05"
"52","7","Near discuss up nation all course statement anything glass stay maintain management myself program early per east growth experience character indeed","1992-03-22 06:11:45"
"901","28","Throughout in really and record catch suffer compare without type market pass pick buy agree","1997-11-02 00:54:48"
"1318","44","Law voice wrong lead us kid type choice represent player one account suffer public social beat least and card","2011-07-17 01:45:48"
"571","92","Put when no room goal deal billion then training else of term hard whom discover according","2009-11-12 15:07:41"
"1628","2","Five hit center gas anything society around discussion front agree house field raise environmental","1979-12-13 14:37:05"
"1917","14","Artist stop others training brother imagine music sport tonight despite according drug receive soon later break who of discover power kind lead score every now nor","2006-11-28 15:02:51"
"996","16","Pass situation believe per well amount rich realize bad executive growth image good wife thousand day still hospital very director near south arm conference part range remain","2013-04-02 10:53:37"
"850","63","About such tonight want fear our million staff hit animal career together travel five tax allow system eat lot despite shake pick good nothing until","1974-03-30 08:07:25"
"258","83","Or more away remember coach truth then to full record Republican Congress build determine south treat quality risk again you manage citizen","2000-09-05 05:49:35"
"11","57","Sure daughter short everyone necessary apply involve most toward I throw wall us contain maybe live group its result significant worry let light investment when","1971-02-10 22:38:40"
"850","73","Lawyer support sometimes benefit public television either very sort model teacher can still everything model team","2013-10-25 12:25:18"
"922","28","Throw small entire wish difficult parent car instead market usually unit friend enjoy thought research foreign impact beyond enjoy","2012-06-21 18:05:14"
"1910","86","The animal war almost late run ability effort worry seven year practice the green simple far reduce officer security feeling any car authority during","2006-10-12 16:04:22"
"999","77","Charge management likely see professional the final travel laugh heart after hospital save boy figure lead pay nearly floor worry read you technology probably","2004-07-25 14:49:32"
"142","77","Degree paper street believe yeah spend save party white likely statement Congress thing peace quickly involve agreement off","2007-07-10 15:24:21"
"1099","97","Fire doctor actually continue describe deal design own whether key accept site community marriage worry fire recently base girl stay ball operation peace still decision check visit","2016-02-21 16:31:45"
"850","21","As stop cup statement tough theory sometimes moment ok experience sense draw model right hope so old hear these play their bill do rate read him line","2017-11-02 04:51:49"
"1283","7","Under side later watch recognize rather them should marriage early official might life safe spring spring","1988-05-31 16:22:12"
"939","22","Team ever a woman heavy entire blue firm wish on catch candidate fine two bank officer social","1995-08-25 00:23:09"
"693","56","Will building account what I partner gun quite book focus majority probably nation back I certainly long purpose family stay participant official direction","2001-03-17 11:55:17"
"110","14","Fish back close thousand business response head various although thank value sign behind field several perform","1979-03-31 23:34:02"
"1127","17","Guess Republican law water center fine goal his high teacher pressure development reason former including","1999-12-16 19:43:46"
"962","15","Beautiful improve treat ten man throughout citizen possible early enter name according collection any real","1998-04-01 13:01:57"
"219","0","Later investment interview move blood never at detail anyone such heart respond sense impact health just understand first Mrs partner stay camera those","1998-10-02 22:12:25"
"429","5","Upon protect affect experience west Republican bad point evening manager pretty station Republican theory American economic low television street seat","1995-05-31 05:56:36"
"1098","61","Play view among student paper management name section may idea much pretty fall interest agency edge","1972-12-28 04:47:34"
"987","53","Surface simple soldier describe citizen door Mrs daughter race just late minute bank official agree fly decision seem full","1977-03-05 07:28:20"
"4","17","Allow director total road accept only ahead energy fast far away size interest success better physical force small car officer along another cause which","2007-04-11 14:38:26"
"102","50","Hotel factor sport national rule night middle way born home across church statement manage have assume business similar continue pay either large require impact either behind","1972-04-25 14:35:00"
"549","75","Stage one tend large adult agent about action listen their knowledge be positive if election","2011-10-25 06:39:50"
"318","81","Big rule meet involve friend possible special stuff best administration simply join remain clearly young relationship without send each purpose improve","2022-03-27 10:59:34"
"1480","30","Concern instead eat black pretty opportunity care general trade property my case bed race east region walk free down buy","2002-04-03 18:25:52"
"1643","8","Small term century size include wonder market head defense week reflect establish early heavy will seat including somebody simple cell plant test task can beautiful father well first","2013-11-12 07:10:38"
"742","64","How represent method them sing price including perform set summer pay word official read reflect catch stage item instead life teacher down","2012-09-22 21:38:35"
"1297","11","Though approach free identify black experience far thought strong language identify look shoulder movement watch center after skill role","2011-09-15 07:36:48"
"677","63","Window source than doctor plan energy upon them agent among three hundred trade seek seat participant hit ask individual history","1972-08-06 03:46:57"
"266","70","Real network base head fight strong mission exactly cultural decide page mind arm weight fire happy leader course until too let sign development serious","1985-01-22 22:39:11"
"177","62","Camera miss floor itself quite large notice inside fill health prove player","1995-01-15 19:06:10"
"1672","18","Imagine read too build check writer card glass nothing blue you southern growth","1999-09-20 22:12:14"
"1979","73","Crime cup true resource leader all lay mean hospital sign citizen check certain sit wind foreign history certainly television model trouble cut conference","2018-11-01 10:09:24"
"1429","96","Our citizen writer garden analysis personal produce too build push camera church need our increase outside again number","1983-10-10 04:01:10"
"382","3","What executive individual eye a almost key store tax on property by while director receive she black condition pass pattern dream executive while bill","2020-02-15 18:42:17"
"1975","79","Case none once baby laugh station factor action total section artist sort send offer part eye author especially fund dinner","1973-11-23 08:22:46"
"364","30","Record government leg reveal level much effort father environmental growth spend forget sea into quality medical fast","2022-05-04 03:58:38"
"496","69","Agent clear music believe clearly side program truth however into month loss story born camera nice guy simple","2011-11-18 08:23:51"
"415","17","Painting live month author budget leg teach team nature design finish throughout leave recently east early contain everyone interesting dog quality my","1991-12-13 07:45:04"
"393","12","Occur allow hold audience run nice eye write figure word Mr claim","1996-02-05 02:02:25"
"943","85","Much participant before beat according couple tough your campaign model understand step phone dog debate class street","2007-11-08 19:10:54"
"833","26","Development president order stand former degree west within group brother method card community yeah plant soon power history town loss wind among where believe","1979-11-30 21:51:22"
"93","27","Bar house final anything attorney wall usually or smile nothing every certainly strategy window never represent indicate minute tend month","1984-10-16 19:53:24"
"771","29","Now sound from recent region fall fish future old house affect ok partner material military avoid official often front PM","2004-05-04 18:44:27"
"1229","43","A until look citizen early arrive friend bad risk kitchen tough more agree","2005-09-27 23:51:13"
"1550","86","It usually garden exactly country theory strong picture both teacher who specific member paper behind picture poor total stay reason lead key direction his","1973-02-26 15:15:39"
"798","92","Risk office understand herself act around low party night PM south history compare why","1976-07-22 15:26:54"
