"0","Arnold, Johnson and Little"
"1","Saunders-Dominguez"
"2","Brown-Reed"
"3","Hawkins PLC"
"4","Martinez, Baird and Ingram"
"5","Jones, Baker and Rogers"
"6","Padilla Inc"
"7","White-Rodriguez"
"8","Klein-Jones"
"9","Davidson, Hendricks and Fernandez"
"10","Ponce, Higgins and Roberts"
"11","Carpenter, Alvarez and Erickson"
"12","Watts PLC"
"13","Thomas Ltd"
"14","Martinez-Jones"
"15","Jimenez, Rivera and Lee"
"16","Elliott, Campbell and Fields"
"17","Brewer-Clark"
"18","Howard, Preston and Brown"
"19","Gallegos, Jordan and Cruz"
