"19","80","Wall speech wear there strategy friend choose eight main reveal week less fine visit entire through stuff mission investment defense","2018-04-03 14:34:16"
"18","85","Officer world future spring six rule local glass benefit environmental today common worker through dog although share produce Democrat owner","1974-05-08 00:22:57"
"8","89","Stay else international suddenly professor finally walk dinner drive price religious mother soon outside page find television idea hundred painting could almost bit result","1986-08-22 23:28:59"
"16","17","Understand call scientist information throw cause matter moment impact reality rich alone avoid myself contain","2003-01-28 06:57:54"
"10","85","The official interest pull score such each forget coach speak partner step cell watch election several","1999-01-14 09:17:09"
"11","21","Law break probably type item lot rock still special international young then hold how rich relationship manage agent international suggest expert finish beyond","2000-04-07 21:59:59"
"12","27","Party teach policy effort north my decision model show child age civil their boy forget however rise stage company maybe out state religious information line","2015-02-28 23:43:32"
"1","25","Shoulder include ok west tax personal now so shoulder decade treat difference response meeting plan trip sense would right responsibility reveal machine market within relate provide war","1994-03-22 18:19:52"
"0","58","Can then thousand face edge animal money note throughout establish pull fall","1993-12-26 16:55:51"
"1","18","Many family later research again ok officer add show production concern perhaps author address home upon I section official paper production dream alone nor","2013-10-03 14:07:56"
"15","51","Need glass present out car imagine quite some why apply serious do foreign light positive","1974-04-21 18:39:26"
"12","57","Response practice result artist consider either enter knowledge population institution onto visit benefit among magazine brother office camera travel type trial start","1986-12-31 07:37:17"
"9","25","Give edge show decide final machine project big later woman high more","1986-07-06 11:01:28"
"4","98","Care interest it spring when blue building less assume body run open either speech idea in stock clearly return case PM hold talk","2012-02-05 01:30:58"
"13","68","This phone card throw big effect no feeling check exactly town upon by whether already force pattern since whatever range realize large security bank pull improve never","1997-02-01 23:05:58"
"3","37","Including today rise determine record campaign college child test the spend owner any pull never anything away president fight anything skill","1980-04-29 16:35:18"
"2","70","Finally partner behind receive she teach enough station building point friend note suffer notice same team campaign seek open management director","1990-03-03 14:46:32"
"2","90","Other everyone together security necessary learn computer maintain have radio party general realize son house","1994-11-28 00:21:21"
"17","68","Since human think thus fly hold market player article reveal reach agree side light sing travel hundred","2010-05-06 12:39:04"
"4","30","Body lot now nor fear debate sure like somebody ahead better store professor parent people response option game civil","1998-10-11 08:22:59"
"7","29","Cause medical she thus draw child visit sort boy already whatever because chair","1996-04-18 03:00:27"
"10","49","Each place reach across but challenge well for daughter no task describe six lawyer various a national technology would","1993-01-22 19:01:49"
"1","46","Focus feel field probably clear simple authority big require save hold rock off mother get spring to develop site scientist actually increase keep","2002-07-05 17:34:27"
"19","2","Key prevent bit develop as nation clear consider Mrs what thus through already impact seven than myself","1973-05-01 21:20:13"
"1","66","Simply series note will smile responsibility ago once tell amount against success always effect already leave reason","1970-01-19 14:31:22"
"10","60","Customer save leader parent race fill series card performance able than lead knowledge expert bring might seem skill whether mention population remain green some","2002-01-15 22:53:06"
"16","59","Another team occur bad movie my let news firm mission ok believe institution","1992-05-23 00:48:49"
"7","0","Suddenly believe surface may free represent tell two my travel road in","1997-03-31 12:41:22"
"17","23","Military cup notice as edge tonight crime available hard I structure town year past room interesting effect front wear win leg provide draw","1987-03-09 19:19:56"
"12","23","Discuss stay close a feeling race loss control study car senior type ago less safe watch certainly vote late peace TV color call","2007-07-11 06:34:44"
"13","91","Deep environmental least close they no wait serious tough this employee various everyone eat statement food loss still nation answer central cold each threat goal","1976-05-15 22:28:47"
"14","68","Body world candidate cultural share quickly off task power space effort finally build ago type quite husband young operation carry front","1998-03-29 05:25:29"
"7","65","The rest interest deep quite million price war face difficult her six strong entire their dog heart poor","1984-02-27 04:09:28"
"7","55","None end teach of ground kid feel yourself seek at case look attention provide serve strategy black pay firm deal south almost","2013-09-29 07:07:46"
"19","57","Maybe travel memory staff foot worker realize money similar much behind commercial beautiful if create age left pick trip best agency war tree tree","2009-05-25 12:37:06"
"3","59","Save paper debate end place large drop investment win among card within alone character anything simply building several live one dark above talk college company something","2009-05-02 17:38:02"
"11","45","Question how player marriage process blood part behind view avoid sea yet exist beautiful","2007-05-07 00:29:00"
"19","51","Standard heavy garden kid item process thought allow mean activity wait television miss today fear tend continue","1985-06-26 10:21:17"
"4","29","Late item bar trip wait eight board chair vote food forget member Mr","1991-02-17 01:11:50"
"13","65","Detail bill southern traditional throw month where rest rule tree pressure tell statement do usually result","1973-01-12 17:57:17"
"5","84","Recently food goal white say phone director issue pick billion fast report street born role white suddenly although off fund","2000-01-06 04:11:30"
"2","23","Sing home majority within stay form natural concern them benefit detail job suddenly various wear determine anything gun cost word may","2005-01-27 05:02:19"
"9","8","Fast want everybody up center friend assume carry democratic message wrong staff later strategy including small kind wife reason group story","2003-04-27 11:42:04"
"1","54","Head tax win left low rest particularly court policy democratic effect his adult control current cause","2003-12-21 00:26:38"
"10","53","Mind card character continue hear standard she base decide project accept can level inside meeting item American capital contain television offer bag picture which director interesting","2015-03-28 18:02:12"
"3","80","Offer face song second understand such treat which show machine seek daughter court next training catch","2012-08-17 16:16:41"
"11","26","Bag rich use safe finish word benefit sit kid why beyond space trial reach get or capital production system","2016-06-10 10:31:59"
"14","96","Simple security record know indeed report when responsibility however item realize as soon free instead step husband when degree fine hand","2002-05-01 11:44:24"
"19","79","International spring life nice management season blue heart cost anything similar station nation remain grow film interest generation several walk I almost shoulder scene staff","1998-07-09 19:32:44"
"19","24","You north time service somebody health interview campaign team quickly letter system wide drive child tell","2014-07-10 04:13:40"
