"0","ana51@yahoo.com","Misty","Phillips","4978 Chapman Bypass
Sanchezfurt, TN 23177","pbkdf2:sha256:260000$cFhd5ZEoTL8rsChV$ac4f6969e6ca2d86c8a3c6473771f035e9644fc957af7640fd0efd2ac837c504","260.13","0"
"1","daniel83@hotmail.com","Jody","Webster","22482 Wong Hill Suite 577
North Larrymouth, WY 25147","pbkdf2:sha256:260000$wJcyRMjJHbk7zBhl$bf33ca467e66aa209ef03f45011223e9ab203bfe1f0e90bb27fe5d2c587e746f","418.02","1"
"2","cameronwilliams@gmail.com","Johnathan","Hurley","0235 Matthew Forest Suite 168
Robinside, WI 70299","pbkdf2:sha256:260000$fbKiEk7Tw8m61m6i$6ae9bfc6277e8048fd739c0d9b499bbbc6afdbe403a1cbea3773489e0795c46c","85.68","2"
"3","andrea75@gmail.com","Destiny","Buchanan","39621 Jackson Garden
Lake Megan, MS 71663","pbkdf2:sha256:260000$yR61OQuT8zYjd63m$498c98c3fba0f5c6b6fa8442aa25f4738c9f8e6ac08039259be9e0559842ab42","333.40","3"
"4","patriciathomas@hotmail.com","Sharon","Daniel","2185 William Shores Apt. 222
Kevinhaven, PA 38969","pbkdf2:sha256:260000$F8bolRKCoczXGVK7$1a1c4d51d03b14f01ee380dc83ed1e654daf77492fb90d175549d7f5dc419fad","399.40","4"
"5","erik34@yahoo.com","Christopher","Davis","335 Mcdaniel Fork Suite 589
Teresabury, CA 67569","pbkdf2:sha256:260000$qurI8h8GMthWbnk8$bc942eea9085ea71f99a99543f82006854fbcfbe03107b694eb1a187b5f69723","153.70","5"
"6","gardnertammie@hotmail.com","Brittany","Gonzalez","576 Kayla Ports
Harrisville, AK 15976","pbkdf2:sha256:260000$lA1MRiVvsAfNlfg3$42669b2b45ed3cdc9fe6c48f87fee1868b7d9149574668a67c30763ee15d89ff","69.09","6"
"7","moraleshaley@hotmail.com","Lisa","Bailey","7278 Joseph Courts Suite 151
Smithhaven, GA 90999","pbkdf2:sha256:260000$OMy8ra9QSABM35gF$19bdf356808a7db352b7ff4a4bcb36b9569b11fe2de6729b99a3205e7de1121a","106.67","7"
"8","codyross@yahoo.com","Paul","Allen","7120 Lisa Brooks Apt. 078
Petersonview, RI 91286","pbkdf2:sha256:260000$UG0rKnFBnh5BefjO$0fbc32b3e562bacecaae5774831d73046da0fb6409dcffd6f38e56a417ab90d3","193.96","8"
"9","crystal43@gmail.com","Bobby","Pearson","41613 Victor Curve
Gloriaborough, NV 51580","pbkdf2:sha256:260000$bazqPXr59WcQefpj$e496acb2fbb8d784b6c9a16bbaa752d83693765a99d78bb6554698f7e82879fb","301.75","9"
"10","jill46@gmail.com","Kayla","Mason","267 Jill Groves Apt. 451
Austinfurt, VA 34711","pbkdf2:sha256:260000$AA2Zrx8q8rFv7QWH$77af05d46b0d5e8e1adb2c7c910721dc4f2c2aef824a22a65addd099e4c61512","155.12","10"
"11","caintiffany@hotmail.com","Timothy","Nielsen","95556 Marshall Junctions Apt. 024
New Dennis, HI 54385","pbkdf2:sha256:260000$CJu8hOgLrIvcKX1g$f3381591f89ddbe33e6e0b86a77fc5f68bb3e30bf480135f65a8e3f484fa2011","365.13","11"
"12","vangjill@hotmail.com","Martin","Fernandez","688 Morrison Prairie Suite 742
Willisside, GA 33628","pbkdf2:sha256:260000$cj9VaX9bQSRSvjKC$2f8e4517ff276cfb7d2c14b97c3a59d71fceba595899e6e1dd1e4bd4527f5d7a","188.53","12"
"13","dsalazar@hotmail.com","Richard","Tucker","23230 Jon Neck
South Debraburgh, AL 12187","pbkdf2:sha256:260000$pmmtBTswBOqfu0l8$c8a83b280af2f32dfaba3d8e48726eea111324edb924c26eba5e7ef06bc86c51","273.54","13"
"14","lallen@hotmail.com","Debra","Sanchez","982 Nelson Neck
Josephborough, MN 79014","pbkdf2:sha256:260000$QszntRJ85GtpL1lF$14bd840f4ffc1477474cd179e9f0f38d9ba347f6f903a6615a20ebd55286efc0","92.94","14"
"15","alyssa50@gmail.com","Joseph","Johnson","PSC 2905, Box 1114
APO AA 33131","pbkdf2:sha256:260000$Au9V6pwgdx27hYOa$22caf996b249dbc54cf643c1631073330bb84e7f78ecc8ab048fab45196bb1d4","473.51","15"
"16","pamela22@yahoo.com","Denise","Moreno","85888 Christine Mission Apt. 219
Lake Natasha, NJ 44471","pbkdf2:sha256:260000$KNeNgpuMRbAIaqSd$99dc30f8defa45b122445b080b709c55922a1b373ef6fceea078060e7bd26c95","225.51","16"
"17","jensenrobert@yahoo.com","Laurie","Moreno","318 Wiggins Crescent
Lake Leestad, TN 82522","pbkdf2:sha256:260000$NWSfdFrs4XfiQUHI$9cd185ed2deb284c47dd05f671c6977859e55e10e6a16e5ed402f80518b027b0","386.43","17"
"18","grichards@gmail.com","Judy","Bennett","76386 Amy Gateway Suite 225
North Kimberly, GA 23518","pbkdf2:sha256:260000$tAmSA2Hcg07h8Wz7$3f4d1c09bd73e9747010b3a8f07aa682eb4513b6b62c4016b77ee1cde701d119","120.05","18"
"19","ibutler@hotmail.com","Benjamin","Riley","763 Colleen Club
Port Elizabeth, WA 53635","pbkdf2:sha256:260000$zM035Gt7D5e534WK$bb867c4a2d8d7658a989e497aa0a19351044880e69b9721f26b4265ce4be8fa8","66.86","19"
"20","jacobsmith@gmail.com","Joshua","Hall","PSC 8364, Box 6647
APO AE 88225","pbkdf2:sha256:260000$cO3DYMxG5ypKk1rA$36873a955abd13f8488af30d3678522343fc63c1e552f2a5b4774226287dc2fd","109.50","20"
"21","barreramatthew@yahoo.com","Taylor","Ruiz","9529 Jones Rest Suite 668
New Bonnieton, NC 02385","pbkdf2:sha256:260000$63FeMAJawLhoQe9Y$b5fb8c5e7681c12a051ca31686959f3340237f3a2f9b3ace564c4d11be93b048","282.04","21"
"22","ramosmichael@hotmail.com","Carolyn","Mayer","31470 Cobb Valleys Apt. 818
Matthewport, NC 17966","pbkdf2:sha256:260000$apxW4shKRyLhqYQZ$fb88c4354963446567ec9eedbd6644605fe68e9774453d5d316919f1ac66dabe","14.40","22"
"23","hopkinsbecky@hotmail.com","Stacy","Warren","78556 James Falls Apt. 949
Austinstad, NM 03208","pbkdf2:sha256:260000$Y5ydAEV6x7sr9AGe$422c61e735df52ebbcc334329bb31692924deeb2d168861fd748eac2b53f9137","221.90","23"
"24","kevin66@hotmail.com","Patrick","Torres","15112 Chung Rest
Jesseburgh, WI 99691","pbkdf2:sha256:260000$VykuA9BmOMKfqn0I$f69480509d8f037049f689317b8966ec761b6d69d7eca2ba5c102e33337ba572","415.09","24"
"25","carrangelica@yahoo.com","Daniel","Obrien","40130 Rodney Stravenue
North Brianton, MA 44110","pbkdf2:sha256:260000$1SO3eUM3j13FPPxA$e7f79733f77c1c7288155f88286e478623bb5861c52211689252aab467194d5a","136.37","25"
"26","ylin@gmail.com","Brandon","Gonzalez","34486 Jennifer Stream
Kathymouth, MI 60042","pbkdf2:sha256:260000$fodzk4LMNcfNLN56$1868c5d79f81bcaf9fd955438205256522ccf65fb1a175e4fcc2eb6f5f3fc73e","477.31","26"
"27","shellywolfe@gmail.com","Jacob","Michael","60493 John Vista
Markfurt, MN 06982","pbkdf2:sha256:260000$V1xsIcru6AArR7HY$16dd4b1f8a256052a02b1f2ebdf1501d3e13f324277402458b30c5e0dd660eab","49.17","27"
"28","jose44@yahoo.com","Chad","Jones","5614 Vickie Rue
Andrewburgh, MD 30096","pbkdf2:sha256:260000$8Ha13sZ90FOP1m72$9cb9de72ed4313e13e6aa1717f8c5b57c4757694bf61d86586dbc07fd010554c","486.01","28"
"29","tara29@yahoo.com","Michael","Stark","99505 Kim Spurs Suite 175
East Dennis, AZ 48220","pbkdf2:sha256:260000$wiit1ckf2X2kdhFB$d4cc3419ac298c023cec910406ebf85b0734e10599689e9e06fde16adc619047","4.73","29"
"30","lindseycalvin@hotmail.com","Ashley","Medina","397 Price Keys
Port Carla, WI 04113","pbkdf2:sha256:260000$cmYNi7Sn0tY55FFo$ba3c815df86ba064a092a115a01076c6aaeb610ca23f22a3809f5d035439a793","228.40","30"
"31","jennifer58@hotmail.com","James","Hughes","4217 Sean Mount Apt. 818
Lesliefort, OH 83796","pbkdf2:sha256:260000$u8MdZBPdFXBOdUXh$eb2ef632168346aa66e51a40bf606024149aba3d5d8f12249955d334748f080c","236.41","31"
"32","ryanatkinson@hotmail.com","Erica","Harris","18252 Kim Plains Suite 332
New Ethan, DE 58437","pbkdf2:sha256:260000$HiDkroZ5LDCbJbgx$9e519d3c09356ae26042708e9fe126bf863bbc8dd9cdf446b849f15e817c94a9","375.89","32"
"33","johnsmith@hotmail.com","Kelly","Jones","1798 Estrada Divide Suite 556
Grahamside, ID 09058","pbkdf2:sha256:260000$NR1fd5EMa3CBiZEt$bcf86f7ddaf49c93d570ad1b146222fd79e559154660e263a57d2c13172ce0c1","233.78","33"
"34","hillchristine@yahoo.com","Zachary","James","15131 Adam Meadows Apt. 147
New Royport, SC 05861","pbkdf2:sha256:260000$ulHNf9k5qf15omCx$138d61d88e48540b0120716ce3441073198f268a59c50e9881def3b596d2c291","137.41","34"
"35","rachel96@yahoo.com","Ashley","Jennings","20910 Angela Inlet
East Amanda, IL 12254","pbkdf2:sha256:260000$gHYuRhpyAKiKB59Y$63666a8643c1b6730e0cee721dc7aef27c7ac6656406a3943010ff1b1380c86e","68.36","35"
"36","landrews@yahoo.com","Deborah","Mcguire","067 David Walks Suite 149
Harrismouth, IA 32284","pbkdf2:sha256:260000$zVcBmxw73yMHr68A$0e6c84541c6fd6a88dcfe422bac1f13cdbc1d72fdbcf564b1049ebb38699a4ef","361.82","36"
"37","jonesbrandon@yahoo.com","Tricia","Johnson","060 Burke Gateway
South Christopherton, WI 06064","pbkdf2:sha256:260000$7CUKfELfp90g4Oi1$822e4916fb33cba72664ab5a0324ddfd0cc376920b64f908ab81ccf1087c6060","157.11","37"
"38","ksmith@yahoo.com","Jennifer","Rodriguez","Unit 7511 Box 1318
DPO AA 94183","pbkdf2:sha256:260000$DESO2abQAlF4SFMx$6d52767ee0ea41ede55df55dbb7066d3450d6a4927d741ec5b2a027b30227429","276.14","38"
"39","lchandler@yahoo.com","Debbie","Ross","1279 Anderson River Apt. 808
Port Loganbury, MO 05855","pbkdf2:sha256:260000$mpw4pxHFQ6PO0Ysn$9cafac3a3bb8c641f53b4c5e709a23bf9dcd790838bf1098fe4d49686a774e34","257.08","39"
"40","kkaiser@gmail.com","Colleen","Mcdonald","58778 Reynolds Walks
Port Stephanie, MO 47144","pbkdf2:sha256:260000$aSXaGsEnnAQ8L8Kr$983eb20998a0a125cd88703efb6d51d85ee5b2a48c3f303c5422753c709f75e8","461.79","40"
"41","benjaminhenderson@yahoo.com","Debra","Thompson","3350 Scott Flat Suite 223
South Billymouth, NH 71069","pbkdf2:sha256:260000$SMJbUi4Smo1457rV$fb79109386e751ca0c96bd3b53c3c63a25e799231f53e1ef9d58159bbbbf47b5","265.56","41"
"42","perezjessica@hotmail.com","Amy","Jones","40873 Larson Creek
Rachelfurt, MS 38517","pbkdf2:sha256:260000$c16MVAvw2etlXc7f$2ce9e784b274b86785a087d83afdba4319b98288a77d5b862f83f8171792b866","218.55","42"
"43","robertskelli@gmail.com","Joe","Reeves","673 Jessica Island
Lake Cassandra, VT 50119","pbkdf2:sha256:260000$hDKsjT57nxIJvQKl$58071bd6e2b4d014f8652efdaf70fbec55147dc8e74d019efe3873df19b98bcc","317.56","43"
"44","erikandrews@gmail.com","Vincent","Cordova","31110 Bradley Mall
Port Michael, MS 80998","pbkdf2:sha256:260000$oyFBtxXrw97osfQe$7d4ebb4b72b9e483d157932c3023d436d2105f5788246ddc83a6651f050b45e4","424.77","44"
"45","nicholasscott@gmail.com","Charles","Walker","5697 John Pines
Jennifermouth, IL 30568","pbkdf2:sha256:260000$cUrYMLTDiaw2DjNG$5e432b7449f620b6300c6badc67754ffdfb199eca0064198640912f0d9e7e74f","395.64","45"
"46","rodriguezamanda@gmail.com","Jacob","Hess","659 Landry Throughway Suite 591
Walkerfort, MI 37570","pbkdf2:sha256:260000$PjRFRPnwcrOG4O15$abf81220d70624ac9bcfd12b1f8810740d426ead9f722dcc0e4854d2b62d4d5e","318.96","46"
"47","april38@gmail.com","Sierra","Ramos","0840 Pope River
Davidtown, IA 82410","pbkdf2:sha256:260000$AGzNWtlr7HjMif1I$9032493cb3cda679c1e36d5d237191be87b42ed545d29531a4dc6fafe56557e5","171.02","47"
"48","uschmidt@gmail.com","Edward","Brown","098 Smith Light Suite 142
North Gregory, TX 76195","pbkdf2:sha256:260000$CSLTfDh6JiPWqnYn$cfb0a06dcb14c7404b2336ea36b8ae3d47f07d3b95de2801d4b1609d9b7a9349","471.51","48"
"49","justinramirez@yahoo.com","Andrew","Moore","USNV Sullivan
FPO AA 81427","pbkdf2:sha256:260000$WLu2hBkxa7lN7rGn$4cdc8bd06ad9be8f097679ce8d716e0690ef7d3df8e94718fce7afef923cc879","316.19","49"
"50","davidrobbins@hotmail.com","Sean","Gray","321 Kaufman Point
North Nathanborough, ME 86553","pbkdf2:sha256:260000$ijaLV178moF8AUL8$67320e57d4bcc3a0c3c5e220ba225a2cc791f52a4b71c084ee72f43b18007847","137.97","50"
"51","meghanhunt@hotmail.com","Zachary","Williams","552 Harris Neck Suite 932
West Daniel, CO 86504","pbkdf2:sha256:260000$tdLORd0XhykDMt9m$adb97e0ffa0b740cc311f2f44f3394d5b2aa398f19ba3698c267dfee08c69a1e","153.63","51"
"52","ortizdonald@hotmail.com","Joseph","Walker","479 Katherine Forest Suite 190
New Lesliehaven, HI 60285","pbkdf2:sha256:260000$iREV3tNdsDAB3TqM$bb4b80a15c89d6cf0c90ebd90832de022a5d00dca07c13dc232f2a369191d0dd","405.91","52"
"53","angelapitts@gmail.com","Robert","York","89694 Adam Drive
Ericksonberg, MI 10669","pbkdf2:sha256:260000$Xas6562WdiDXqk4K$4e232ba306cd8bee5aff4632e1afb81600b4bf486752aabb81a73a3d517380e3","205.17","53"
"54","herbertgarcia@gmail.com","Jenna","Shea","15511 Jamie Underpass
Sparksland, OK 47211","pbkdf2:sha256:260000$MTH363RoRRhUit18$3e6588a4cf0980e7331e541a6521bc0cda1651148fb614e57ad36b2b6544edae","447.63","54"
"55","andrewyoung@hotmail.com","David","Mcdonald","619 Anderson Square Apt. 671
Amandaburgh, VT 27242","pbkdf2:sha256:260000$rxIehqcWALvaMxHC$e49314f17294451476cb7e0861938e2c12fb738bc011d934d61c51e818569b7c","269.83","55"
"56","ubennett@gmail.com","John","Chambers","71353 Mitchell Mountain
Hortonshire, NY 28081","pbkdf2:sha256:260000$fLDFJNhCr9ZPTJQS$494fa90ac6b0540666733b59eea5960a374b827f70604dc12d1fcfc154528f0d","495.38","56"
"57","rvelasquez@hotmail.com","Joseph","Marsh","447 Andrew Mission Suite 956
Melissaview, TN 60942","pbkdf2:sha256:260000$ursAxFNFuQgZsKTq$9ff1020de064010d12b63f69b21f2163d0943655d80c1cdd759f3945d64ad128","145.35","57"
"58","justin34@hotmail.com","Drew","Hernandez","021 April Via Suite 105
Kyleport, NV 04627","pbkdf2:sha256:260000$03rnO0bOoCWv5bPl$3f18b14950f5ffe0361442445dd2e377c658c78fdd39c94155f4e016ac33fffa","86.36","58"
"59","bergjames@yahoo.com","Jose","Bowers","PSC 5317, Box 5199
APO AA 87042","pbkdf2:sha256:260000$42Av6mK40Pj5SP1Y$07fa517b20300a2c5a6399ba3900558c2d5fc9c91dca539e1da27ed9066d4fa2","446.20","59"
"60","eric91@hotmail.com","John","Santiago","3267 Michael Fork
West Brittany, OK 64690","pbkdf2:sha256:260000$PLiYHrnd2O22ePGc$f1ece53d014be31444ba10d37480cec9b571203ef772b1f36068fff2d1152583","316.50","60"
"61","denise24@gmail.com","Allison","Stewart","3124 Dawn Freeway Apt. 239
Livingstontown, ID 74910","pbkdf2:sha256:260000$YsxWesU58qrlMu77$84410d271c545dcd3559e1110a25aa3ac1adbc36ca27e83621dc7a938db20be3","153.29","61"
"62","jamesgalloway@yahoo.com","Joe","Sandoval","Unit 4281 Box 6351
DPO AE 97210","pbkdf2:sha256:260000$ZyteKAiDrZfMM56U$6944cfd1d3903163e99c2a294fa9733eb2372f2300b93131a1f543dd59c9c035","155.39","62"
"63","georgewilliams@yahoo.com","William","Miller","550 Paul Groves Apt. 874
South Louischester, NH 76761","pbkdf2:sha256:260000$GSy4UYJwtWwGFYQj$7e7fadee44c010d0025dc999a7292680af65bf7aa685abb5a9c83128a1b2fba4","161.25","63"
"64","ebeltran@hotmail.com","Joseph","Estes","Unit 1652 Box 7695
DPO AP 37463","pbkdf2:sha256:260000$8fFrQ39PO8DZr5oU$bba3d89234b142f964a413fa593b51cb66235da8f2af848c0449a616fa1d4dc2","9.80","64"
"65","marcharris@yahoo.com","Crystal","Deleon","075 Marie Oval
Stevenston, KS 64376","pbkdf2:sha256:260000$y3CoJNDjmupfhdQa$a55e8da1c3b24c59dc47b1d540a81a5a85139a4ef1b18cc45b1e5c5fbfe8f350","56.41","65"
"66","xmurray@yahoo.com","Julia","Payne","0732 Hernandez Oval Apt. 453
New Stacy, NH 36659","pbkdf2:sha256:260000$kwa7o9R4B9o0qcpq$4f98baa36f15b658824cd1aaa44bd6d8cb58ddc8e3abc49f86dbd5fd2cd05e5b","34.28","66"
"67","robert61@yahoo.com","Justin","Valentine","USS Miller
FPO AA 16800","pbkdf2:sha256:260000$Vgcha66WwGuhfSJK$32ea2623b6e400a13de4364b0cf4c48c7a5fadf480af7f3841d697f331af0723","434.82","67"
"68","hscott@yahoo.com","Christy","Hansen","3649 Kayla Walk
Danielhaven, WI 32687","pbkdf2:sha256:260000$w5EwMLeJO96AbBuh$cd6d7bccc31167251346f00adb7f3af75a24097aafd15d7bf1313ee2a41b8855","443.97","68"
"69","tyleramber@gmail.com","Mariah","Stephens","33241 Bautista Lock Suite 276
Port Stephaniestad, MI 30738","pbkdf2:sha256:260000$g0JiOlWLVjm3CWdW$73fe80b33596a013b98346ac18bbd1c6c2d1d77182a77de859d8a7ddf0a0c0e6","318.16","69"
"70","fmorgan@gmail.com","Katherine","Palmer","1005 Brian Estate Apt. 004
North Jessica, VA 95131","pbkdf2:sha256:260000$wZByGnd58A25f74e$121d109bb21d9b85ed01cc30b9b47d56f49a43f7cda99be7d55a4e88a55cb38f","179.91","70"
"71","leahtrevino@yahoo.com","Mark","Mcclure","235 Welch Port
North Jennaberg, NM 67265","pbkdf2:sha256:260000$RBswr6fuNCmxedKk$85aebb3c4b035cfb0c786f05f6072745e00e32c816c7330ac149018633026baf","79.36","71"
"72","francesmorales@hotmail.com","Leroy","Garcia","135 Bishop Shoals
Maryview, MT 18507","pbkdf2:sha256:260000$mN3Zt9BInRi9S8nL$e516dc854a7ab71367635675721096d905e84be00997585f01fe0215f2afced6","126.24","72"
"73","hawkinsjulia@gmail.com","Holly","Bruce","268 Bailey Via
Turnerview, CO 07483","pbkdf2:sha256:260000$J0ft9o1YJ1IrTCfb$379e424b39e9a0bfb9057b6dcd0ed4417011439ccb9d14d86a39eac9d9cfa643","285.74","73"
"74","mary01@yahoo.com","Anna","Sims","0256 Carrie Mission
Markchester, CA 50403","pbkdf2:sha256:260000$ABJdeRMb5lgvulvI$31c87604147bbf73c61739dba5daa7a8477fa9bf8f81eff7dc808ad9b8cb1b0b","418.28","74"
"75","lspears@yahoo.com","Hannah","Hamilton","38281 Bryan Route Suite 955
Watsonborough, RI 76682","pbkdf2:sha256:260000$IfUnUN8dX0z4tMKo$f1a939f98cc6e1bbe150cd0775ab2971e9ba2791fa433d2fb6e92a8c5e380d4d","93.02","75"
"76","mhunt@yahoo.com","Crystal","Robinson","7637 Williams Forges
South David, WV 55116","pbkdf2:sha256:260000$YvUTBRDOFGErf1qU$54f336c340e2d992cd0e9e608d7026fd37edf1d29021d99f6aed5bb8399812cb","407.25","76"
"77","qwebster@gmail.com","Chris","Donovan","5437 Horne Isle Apt. 931
East Michael, VT 66123","pbkdf2:sha256:260000$TRhTWl9UqyBiA6Tn$bc66fe5a51683b2bfc0030115338099f409f6c83e3e2186a0d2d5a33f5d405ec","161.18","77"
"78","michaelparker@gmail.com","Elizabeth","Romero","039 Murphy Knolls
Mackfurt, GA 65178","pbkdf2:sha256:260000$fkx9NSKtIQIo8CqR$6a46cdb401037224f954b8f1f1dc4636cab903c43dd2f233b0bf8a9db9ec7df7","246.59","78"
"79","sanchezkevin@gmail.com","Dr.","Brooke","PSC 0007, Box 7763
APO AA 23549","pbkdf2:sha256:260000$IcZCibK0uaYQdcTM$e631a721263daf2bf7fd8cd06753d89d91fb4ae76d940ac0704a854903b5dd42","105.54","79"
"80","whitejeffrey@hotmail.com","Dr.","Kevin","982 Bradley Plain Suite 697
Ashleyside, NC 48400","pbkdf2:sha256:260000$mxgYNW9AY8yMBm1l$fdd0afe0b6eb8ec5b3aff53b567d75f946ef8188736164f77cd7b3e58bcffe7b","336.32","80"
"81","jesse76@yahoo.com","Amanda","Brown","8157 Taylor Lodge
South Melanieshire, AK 45617","pbkdf2:sha256:260000$n19vwERru8IkbCXF$90c819ad7b1c8f25732ba3af16e715b27572279636035ae626aa7968ce37a58c","431.07","81"
"82","lowens@hotmail.com","Jennifer","Carter","USCGC Oconnor
FPO AP 62109","pbkdf2:sha256:260000$wPuCMkRgB4lWmDWb$fe78172d6a0eecf24cdb0b53f94389a147b869778ecff21c049d6dfa8c101a2e","289.43","82"
"83","sherrytucker@yahoo.com","Patricia","Jensen","88177 Joshua Mission Apt. 512
Port Ashley, MO 25882","pbkdf2:sha256:260000$Nu0kh16sBymZb9Vf$f4721867ce680d8a29b060a69011e229d959809fddc57371797b4c82f1012ab2","439.86","83"
"84","hickstaylor@gmail.com","Kenneth","Graham","0435 Sally Light
East Johnfort, NH 53823","pbkdf2:sha256:260000$xhOexVHtxv0Eh3dq$395e53b43f16ab8cb30b99ee5135305b2612ea3420d03cd51120db5fc715f9cb","101.50","84"
"85","lori59@hotmail.com","Karen","Watkins","58693 Kristen Forks
Port Kathyfort, OK 67903","pbkdf2:sha256:260000$we4DyN4yovLeXBZw$e98627bb9752cd22dbb573df23a2735778b4494c16e270b113ec7ea57251ada3","196.31","85"
"86","ohuynh@yahoo.com","Kathy","Mckenzie","0494 Christina Islands
Anthonyland, WA 83471","pbkdf2:sha256:260000$742exo4twzSrdx21$1a9ca05b2d769d2fbf47476e89ea78dbc685dd93f6430060fcd8f1e07023b0c2","417.57","86"
"87","thompsonann@hotmail.com","David","Jones","207 Anderson River
West Jill, NV 65088","pbkdf2:sha256:260000$myoCEEKwjGfnHZex$7baa419c55943f8fff2a9dd7b4baa302e52dfb2028d7478476ef2aadaeeee0c7","448.63","87"
"88","christine19@hotmail.com","Taylor","Martin","93093 Lisa Roads
Bensonfurt, FL 44971","pbkdf2:sha256:260000$mQeRGW3gIG2vtyHM$e5afcde36ea01caa1f1fb93704da8232e41f1df5d7084a6a995573e0e7457c1c","173.01","88"
"89","sheltonjames@hotmail.com","Cynthia","Gardner","083 Louis Causeway Apt. 617
Snyderside, WV 59157","pbkdf2:sha256:260000$ktIyTGldvnLZ3kKZ$46d4d573d0e73303061b855fc235add1d7a2801961d232fd1f174c2722119faf","325.32","89"
"90","youngpaul@hotmail.com","Mr.","Ian","701 Richard Way Suite 437
Teresafurt, NY 15297","pbkdf2:sha256:260000$qrLG2bn7kpaxUu60$46afb0614c57c943b6dce0c0725b95886210a6d1e90d3b6aebb77f4e7bec8b3b","136.10","90"
"91","amberschneider@yahoo.com","James","Brown","67171 Jonathan Inlet Suite 443
Debraberg, PA 99225","pbkdf2:sha256:260000$67UaciqAbNho1Uax$c25ae2116669753575f82ddd933887239f53e7c1cbc8f95a05e1976d0fbb0193","134.96","91"
"92","jonathon00@yahoo.com","Jessica","Johnson","PSC 5677, Box 7526
APO AE 89086","pbkdf2:sha256:260000$CSrWzfU5oWaADtNo$2bf46703c0d6cf32fca3c5b6f0fbb407f4c912a9b001bae722b15fe26bae3b0c","243.25","92"
"93","tmartinez@yahoo.com","Mrs.","Jessica","45118 Timothy Turnpike Suite 580
South Patriciaton, MD 95331","pbkdf2:sha256:260000$q6427h3LhAMMHMhd$b2bb7eedd58adc785f1093a395a450e3ab58a7789bc188de4258730f4e22e9b5","64.36","93"
"94","simmonsadam@gmail.com","Carolyn","Jackson","365 Kim Summit
East Crystal, DE 30088","pbkdf2:sha256:260000$7gEarMGvtJUq4m3W$aba87a67be6fff45e8497d48b58fdc5217bb3377b531fdb1d73c3e9c4f7e76b3","351.76","94"
"95","sarah23@hotmail.com","Curtis","Harvey","3540 Hamilton Greens
Kimberlyland, WA 02127","pbkdf2:sha256:260000$Rwh5V3arrYjmpgSv$9a4a831baac449be0127886927f9052cf9f31c496447f5147f2e967b1693471d","454.47","95"
"96","amber48@yahoo.com","Bryan","Vaughan","Unit 8950 Box 8016
DPO AA 69388","pbkdf2:sha256:260000$dyM2tz7NGdsouDvG$82ceaf481580d65552d983e4acc681cce231e701c70f0dee2fae9aebec1c1933","264.69","96"
"97","sanderson@gmail.com","Michael","Chandler","01277 Richard Ports Apt. 140
Wernerbury, VT 17605","pbkdf2:sha256:260000$9X7iVUpOcCIY2EWh$c9f91fe701735e1b517ea9803a5d6744fdd638e4364c92a8f6bf464432de2107","181.86","97"
"98","reynoldslisa@hotmail.com","Laura","Gordon","6111 Lindsay Ford Apt. 990
Jeffreychester, AR 88521","pbkdf2:sha256:260000$kvOH2BMAJmFoMFvO$2c05d4c93173c07ff64a9bf39d44da96f1cba3e00e962c2291812f2ad367f9f0","384.35","98"
"99","rnguyen@hotmail.com","Dr.","David","2361 Neal Lake Apt. 878
East Joshuastad, ID 32737","pbkdf2:sha256:260000$urqwJ2wRY8on0iC3$9fffd9aaeaa698d4d41b0a8afbadb25aa54c1215f44acc15079bf495343a4b72","225.59","99"
